{"type": "FeatureCollection", "features": [{"type": "Feature", "properties": {"name": "East Berlin (former)"}, "geometry": {"type": "MultiPolygon", "coordinates": [[[[13.440051008816676, 52.490717405100085], [13.440252867696405, 52.49085230805725], [13.440320153989648, 52.490919759535835], [13.440454726576135, 52.49098721101442], [13.440589299162621, 52.491054662493006], [13.440656585455864, 52.49112211397159], [13.440791158042352, 52.49118956545017], [13.441262162095054, 52.491560548582385], [13.44260788795992, 52.49260604650045], [13.443549896065326, 52.493348012764876], [13.444559190463975, 52.494089979029305], [13.444693763050463, 52.494224881986476], [13.444962908223436, 52.494427236422226], [13.445097480809922, 52.49449468790081], [13.44523205339641, 52.4945621393794], [13.445366625982896, 52.49459586511869], [13.445501198569382, 52.49462959085798], [13.445770343742355, 52.49469704233656], [13.445837630035598, 52.494730768075854], [13.446106775208571, 52.494730768075854], [13.446241347795059, 52.494730768075854], [13.446308634088302, 52.494730768075854], [13.446375920381545, 52.494730768075854], [13.44651049296803, 52.49469704233656], [13.446914210727492, 52.49462959085798], [13.446981497020735, 52.49462959085798], [13.447183355900465, 52.49462959085798], [13.447250642193708, 52.49462959085798], [13.447452501073437, 52.49466331659727], [13.447587073659925, 52.49469704233656], [13.447654359953168, 52.494730768075854], [13.447788932539654, 52.49479821955444], [13.447856218832898, 52.49483194529373], [13.44974023504371, 52.496248426344], [13.44994209392344, 52.496383329301175], [13.450009380216683, 52.49641705504047], [13.450076666509926, 52.49648450651905], [13.450278525389656, 52.49661940947622], [13.450614956855873, 52.49685548965127], [13.450682243149116, 52.49692294112985], [13.450614956855873, 52.496956666869146], [13.450884102028846, 52.49709156982631], [13.451220533495063, 52.49722647278348], [13.451422392374793, 52.49732765000136], [13.45175882384101, 52.49742882721923], [13.452095255307226, 52.49749627869782], [13.452700831946416, 52.4975637301764], [13.453373694878849, 52.49753000443711], [13.452700831946416, 52.4980021647872], [13.452700831946416, 52.498035890526495], [13.452768118239659, 52.49806961626579], [13.452768118239659, 52.49810334200508], [13.452700831946416, 52.498238244962245], [13.452364400480198, 52.49840687365871], [13.452229827893712, 52.498474325137295], [13.452162541600469, 52.498474325137295], [13.452162541600469, 52.498440599398], [13.451691537547765, 52.49874413105163], [13.451691537547765, 52.49877785679092], [13.451624251254522, 52.498811582530216], [13.451624251254522, 52.49884530826951], [13.451489678668036, 52.49891275974809], [13.451355106081548, 52.49891275974809], [13.451287819788305, 52.49891275974809], [13.451220533495063, 52.49891275974809], [13.451085960908577, 52.49891275974809], [13.451018674615332, 52.49891275974809], [13.450816815735603, 52.49884530826951], [13.450614956855873, 52.498676679573045], [13.450211239096413, 52.49884530826951], [13.450345811682899, 52.49894648548738], [13.450345811682899, 52.49904766270526], [13.450278525389656, 52.49914883992314], [13.45014395280317, 52.49918256566243], [13.450211239096413, 52.49918256566243], [13.449605662457223, 52.49948609731606], [13.449000085818033, 52.49968845175181], [13.44893279952479, 52.49965472601252], [13.448596368058574, 52.49978962896969], [13.448394509178843, 52.49985708044827], [13.448461795472086, 52.499890806187565], [13.446779638141004, 52.50039669227695], [13.44651049296803, 52.50049786949482], [13.445972202622086, 52.50073394966987], [13.445164767103165, 52.50113865854138], [13.444828335636949, 52.501307287237836], [13.441464020974784, 52.50292612272386], [13.441329448388299, 52.502959848463156], [13.440387440282892, 52.50333083159537], [13.43850342407208, 52.50400534638121], [13.43850342407208, 52.50397162064192], [13.43789784743289, 52.50424142655626], [13.437561415966673, 52.50437632951343], [13.437157698207214, 52.50454495820989], [13.437023125620726, 52.50461240968848], [13.436148403808565, 52.505219472995734], [13.436148403808565, 52.50528692447432], [13.435946544928834, 52.5053881016922], [13.435879258635591, 52.5053881016922], [13.435475540876132, 52.50565790760653], [13.434398960184238, 52.50609634221733], [13.434197101304509, 52.5062649709138], [13.433995242424778, 52.50636614813167], [13.432313085093696, 52.50724301735327], [13.432111226213966, 52.50734419457115], [13.431909367334237, 52.50744537178902], [13.43056364146937, 52.50801870935699], [13.429419774484234, 52.50855832118567], [13.429016056724775, 52.50805243509628], [13.428814197845044, 52.507984983617696], [13.428410480085585, 52.50741164604973], [13.428275907499097, 52.50717556587468], [13.427468471980179, 52.505995164999455], [13.427199326807205, 52.50565790760653], [13.426997467927475, 52.50572535908512], [13.426728322754503, 52.505792810563705], [13.42645917758153, 52.505691633345826], [13.42585360094234, 52.50542182743149], [13.425517169476123, 52.50532065021361], [13.425315310596392, 52.50528692447432], [13.425113451716664, 52.505219472995734], [13.424978879130176, 52.50518574725644], [13.424709733957203, 52.505118295777855], [13.42444058878423, 52.50508457003857], [13.424373302490986, 52.50508457003857], [13.423969584731527, 52.505017118559984], [13.423700439558553, 52.505017118559984], [13.42363315326531, 52.505017118559984], [13.423364008092337, 52.50498339282069], [13.423229435505851, 52.50498339282069], [13.42302757662612, 52.50498339282069], [13.422893004039635, 52.50498339282069], [13.422691145159904, 52.50498339282069], [13.422287427400445, 52.505017118559984], [13.422085568520714, 52.505017118559984], [13.421816423347742, 52.50505084429928], [13.421547278174769, 52.50508457003857], [13.421412705588281, 52.505118295777855], [13.421143560415308, 52.50518574725644], [13.420874415242336, 52.505253198735026], [13.420336124896389, 52.5053881016922], [13.419865120843687, 52.50552300464936], [13.419663261963956, 52.50559045612795], [13.419528689377469, 52.50562418186724], [13.419461403084226, 52.50565790760653], [13.41912497161801, 52.505253198735026], [13.41912497161801, 52.50518574725644], [13.419057685324766, 52.50515202151715], [13.418990399031523, 52.505118295777855], [13.41892311273828, 52.50508457003857], [13.41892311273828, 52.50505084429928], [13.418788540151793, 52.505017118559984], [13.41851939497882, 52.50498339282069], [13.418384822392333, 52.50498339282069], [13.418182963512603, 52.505017118559984], [13.417577386873413, 52.50417397507768], [13.417308241700441, 52.50424142655626], [13.41710638282071, 52.50430887803485], [13.416769951354494, 52.50441005525272], [13.414885935143682, 52.504915941342105], [13.414616789970708, 52.504781038384934], [13.414616789970708, 52.50467986116706], [13.414347644797736, 52.504342603774134], [13.414213072211249, 52.50417397507768], [13.414078499624763, 52.504039072120506], [13.413338350399085, 52.504275152295556], [13.41179076565449, 52.504781038384934], [13.411521620481517, 52.50488221560281], [13.41138704789503, 52.50505084429928], [13.409974035736921, 52.50693948569964], [13.409435745390974, 52.50673713126388], [13.408762882458541, 52.50646732534955], [13.408157305819351, 52.506231245174504], [13.408022733232865, 52.50616379369592], [13.407820874353135, 52.50629869665308], [13.407820874353135, 52.506332422392376], [13.407417156593676, 52.5066696797853], [13.407349870300433, 52.50663595404601], [13.406609721074757, 52.50724301735327], [13.406407862195026, 52.50737792031044], [13.406138717022053, 52.50758027474619], [13.405263995209891, 52.50822106379274], [13.404658418570701, 52.50791753213911], [13.404591132277458, 52.50788380639982], [13.40445655969097, 52.507782629181946], [13.404321987104485, 52.507850080660525], [13.404052841931511, 52.507984983617696], [13.40385098305178, 52.508086160835575], [13.403649124172052, 52.50818733805345], [13.40324540641259, 52.50832224101062], [13.402774402359888, 52.508524595446374], [13.402101539427456, 52.508726949882124], [13.401428676495023, 52.50899675579646], [13.401226817615292, 52.50903048153575], [13.400890386149076, 52.50913165875363], [13.400217523216643, 52.50936773892868], [13.400015664336912, 52.50909793301434], [13.399611946577453, 52.50855832118567], [13.399208228817994, 52.508086160835575], [13.398804511058534, 52.508086160835575], [13.398804511058534, 52.50811988657487], [13.397055067434207, 52.507984983617696], [13.396045773035558, 52.5079512578784], [13.394363615704476, 52.507850080660525], [13.39402718423826, 52.50781635492124], [13.392479599493663, 52.50771517770336], [13.392143168027447, 52.50768145196407], [13.390528296989608, 52.50761400048548], [13.390191865523391, 52.50758027474619], [13.385750970169335, 52.50734419457115], [13.385414538703118, 52.507310468831854], [13.382386655507169, 52.5071081143961], [13.379426058604464, 52.50693948569964], [13.378955054551762, 52.50693948569964], [13.377878473859868, 52.50781635492124], [13.377676614980139, 52.5079512578784], [13.377340183513923, 52.50822106379274], [13.377205610927435, 52.50832224101062], [13.376936465754461, 52.50855832118567], [13.376734606874733, 52.50869322414283], [13.376398175408516, 52.50899675579646], [13.376398175408516, 52.51021088241098], [13.376465461701759, 52.51044696258603], [13.376465461701759, 52.51068304276107], [13.376532747995002, 52.510716768500366], [13.376532747995002, 52.510817945718244], [13.37666732058149, 52.51149246050409], [13.376801893167976, 52.51220070102922], [13.376801893167976, 52.512234426768515], [13.376734606874733, 52.512234426768515], [13.376801893167976, 52.512470506943565], [13.376801893167976, 52.51253795842214], [13.37666732058149, 52.51277403859719], [13.377205610927435, 52.51479758295473], [13.377340183513923, 52.515404646261985], [13.377407469807165, 52.51564072643703], [13.377340183513923, 52.51570817791561], [13.37727289722068, 52.515741903654906], [13.377205610927435, 52.5157756293942], [13.377138324634192, 52.51580935513349], [13.377003752047706, 52.515843080872784], [13.376869179461218, 52.51591053235137], [13.376801893167976, 52.51594425809066], [13.376734606874733, 52.51597798382995], [13.376734606874733, 52.516045435308534], [13.37666732058149, 52.51611288678712], [13.376600034288245, 52.51631524122288], [13.37666732058149, 52.516382692701455], [13.376734606874733, 52.516483869919334], [13.376734606874733, 52.51651759565863], [13.376936465754461, 52.5166524986158], [13.377071038340949, 52.516719950094384], [13.377138324634192, 52.516719950094384], [13.377138324634192, 52.51675367583367], [13.377138324634192, 52.51678740157296], [13.377205610927435, 52.51678740157296], [13.377205610927435, 52.51685485305155], [13.377205610927435, 52.516922304530134], [13.377138324634192, 52.51698975600872], [13.377138324634192, 52.51702348174801], [13.377138324634192, 52.517057207487305], [13.377205610927435, 52.5170909332266], [13.377205610927435, 52.51712465896589], [13.377205610927435, 52.517158384705176], [13.376936465754461, 52.51763054505527], [13.376869179461218, 52.51779917375173], [13.376869179461218, 52.51796780244819], [13.376869179461218, 52.519215654802004], [13.376869179461218, 52.51931683201988], [13.376869179461218, 52.51941800923776], [13.376869179461218, 52.51948546071634], [13.376869179461218, 52.5196540894128], [13.376734606874733, 52.51972154089139], [13.37666732058149, 52.519788992369975], [13.376532747995002, 52.51985644384855], [13.376398175408516, 52.519991346805725], [13.376263602822029, 52.52005879828431], [13.376196316528786, 52.52015997550219], [13.376196316528786, 52.52026115272006], [13.376129030235543, 52.52036232993794], [13.3760617439423, 52.52059841011299], [13.375994457649057, 52.52080076454874], [13.375994457649057, 52.521003118984495], [13.375927171355812, 52.52117174768095], [13.375927171355812, 52.52123919915954], [13.37585988506257, 52.521306650638124], [13.375523453596353, 52.52167763377034], [13.375388881009867, 52.52177881098821], [13.375388881009867, 52.521846262466795], [13.375321594716624, 52.521846262466795], [13.375119735836893, 52.52194743968467], [13.374783304370677, 52.52214979412043], [13.37444687290446, 52.52231842281689], [13.374177727731487, 52.522419600034766], [13.373975868851756, 52.522520777252645], [13.373706723678785, 52.52258822873122], [13.373437578505811, 52.52265568020981], [13.373168433332838, 52.522723131688394], [13.372832001866621, 52.52275685742769], [13.372562856693648, 52.52279058316698], [13.372360997813917, 52.52279058316698], [13.372159138934189, 52.52279058316698], [13.3720245663477, 52.52279058316698], [13.371688134881484, 52.52279058316698], [13.371688134881484, 52.52339764647424], [13.371688134881484, 52.52343137221353], [13.37175542117473, 52.52353254943141], [13.37175542117473, 52.5235662751707], [13.37175542117473, 52.523600000909994], [13.371688134881484, 52.523600000909994], [13.371688134881484, 52.52366745238858], [13.371688134881484, 52.52478040178522], [13.371620848588242, 52.524814127524515], [13.371351703415268, 52.525016481960265], [13.371015271949052, 52.52521883639602], [13.371015271949052, 52.52538746509248], [13.371015271949052, 52.525657271006814], [13.371015271949052, 52.52650041448912], [13.371082558242296, 52.526534140228414], [13.373370292212568, 52.526534140228414], [13.373504864799054, 52.52663531744629], [13.37363943738554, 52.52673649466417], [13.373706723678785, 52.52683767188204], [13.373774009972028, 52.52697257483921], [13.37384129626527, 52.527107477796385], [13.37384129626527, 52.527208655014256], [13.37384129626527, 52.52734355797143], [13.373774009972028, 52.5274784609286], [13.373774009972028, 52.52761336388576], [13.373774009972028, 52.527647089625056], [13.373774009972028, 52.52768081536435], [13.37384129626527, 52.52768081536435], [13.37384129626527, 52.52771454110364], [13.37363943738554, 52.5279168955394], [13.373572151092297, 52.5279168955394], [13.373572151092297, 52.52795062127869], [13.373437578505811, 52.528085524235856], [13.373303005919324, 52.52822042719303], [13.373101147039595, 52.5283553301502], [13.372899288159864, 52.52855768458595], [13.372360997813917, 52.528962393457455], [13.372226425227431, 52.52906357067533], [13.372159138934189, 52.529164747893205], [13.371889993761215, 52.52943455380755], [13.371351703415268, 52.52997416563622], [13.371082558242296, 52.53021024581127], [13.370947985655809, 52.530378874507726], [13.370880699362566, 52.53044632598631], [13.370678840482835, 52.53071613190065], [13.370476981603106, 52.53098593781499], [13.370342409016619, 52.53118829225074], [13.370073263843645, 52.53155927538295], [13.369804118670674, 52.53186280703658], [13.369602259790943, 52.53209888721163], [13.369265828324727, 52.532469870343846], [13.369198542031484, 52.532571047561724], [13.368996683151753, 52.53280712773677], [13.36852567909905, 52.53327928808686], [13.368458392805806, 52.53327928808686], [13.368256533926077, 52.53331301382615], [13.365834227369318, 52.53567381557661], [13.365901513662562, 52.53567381557661], [13.366372517715265, 52.535842444273065], [13.366574376594995, 52.53590989575165], [13.366708949181481, 52.536078524448115], [13.367852816166618, 52.536618136276786], [13.368054675046347, 52.53648323331962], [13.368592965392294, 52.53597734723024], [13.372966574453107, 52.538034617327064], [13.37323571962608, 52.53789971436989], [13.373774009972028, 52.53752873123768], [13.374581445490946, 52.53702284514829], [13.374917876957163, 52.53732637680192], [13.376196316528786, 52.53806834306635], [13.376129030235543, 52.53810206880564], [13.376330889115273, 52.53820324602352], [13.376532747995002, 52.53833814898069], [13.377811187566625, 52.53908011524512], [13.379493344897707, 52.540091887423884], [13.379560631190952, 52.540091887423884], [13.379695203777437, 52.54012561316318], [13.37976249007068, 52.54005816168459], [13.379897062657168, 52.53992325872743], [13.380031635243654, 52.53975463003096], [13.380637211882844, 52.539147566723706], [13.382117510334195, 52.53773108567343], [13.38218479662744, 52.53766363419485], [13.382386655507169, 52.537495005498386], [13.383059518439602, 52.536921667930415], [13.383463236199063, 52.53658441053749], [13.384607103184198, 52.535640089837315], [13.384876248357171, 52.535404009662265], [13.385212679823388, 52.53516792948722], [13.386221974222037, 52.53429106026562], [13.387231268620686, 52.53348164252261], [13.387567700086903, 52.53327928808686], [13.387634986380146, 52.533211836608274], [13.38770227267339, 52.53317811086898], [13.38770227267339, 52.53314438512969], [13.387971417846362, 52.53324556234757], [13.388240563019336, 52.53361654547978], [13.388307849312579, 52.53375144843695], [13.389653575177446, 52.53489812357289], [13.390124579230148, 52.53537028392297], [13.390393724403122, 52.53547146114085], [13.391470305095014, 52.53614597592669], [13.392345026907178, 52.536719313494665], [13.392479599493663, 52.53678676497325], [13.392883317253125, 52.537056570887586], [13.393219748719341, 52.53725892532334], [13.393488893892313, 52.5374275540198], [13.39584391415583, 52.53806834306635], [13.396314918208532, 52.53816952028423], [13.397795216659885, 52.53860795489503], [13.399006369938263, 52.53894521228795], [13.399275515111237, 52.539012663766535], [13.4001502369234, 52.53924874394158], [13.400621240976102, 52.53938364689875], [13.401495962788266, 52.539653452813084], [13.401832394254482, 52.53972090429167], [13.403514551585564, 52.540226790381055], [13.403379978999078, 52.54049659629539], [13.403110833826105, 52.54106993386336], [13.402841688653131, 52.54150836847416], [13.40237068460043, 52.54248641491363], [13.401226817615292, 52.544678587967624], [13.400823099855833, 52.54548800571064], [13.400352095803129, 52.54643232641082], [13.400284809509886, 52.546668406585866], [13.400015664336912, 52.54724174415384], [13.399208228817994, 52.549062934075614], [13.39914094252475, 52.54946764294712], [13.399006369938263, 52.55020960921155], [13.398871797351777, 52.55088412399739], [13.398131648126101, 52.55081667251881], [13.397189640020695, 52.55074922104023], [13.396853208554479, 52.550715495300935], [13.397055067434207, 52.55088412399739], [13.397189640020695, 52.55098530121527], [13.397256926313938, 52.55101902695456], [13.397256926313938, 52.551052752693856], [13.397324212607181, 52.55112020417244], [13.397458785193669, 52.55122138139032], [13.397526071486912, 52.55132255860819], [13.397660644073397, 52.55142373582607], [13.39772793036664, 52.55165981600111], [13.397795216659885, 52.551693541740406], [13.397795216659885, 52.55176099321899], [13.397929789246371, 52.55196334765475], [13.397997075539614, 52.55219942782979], [13.397997075539614, 52.552368056526255], [13.398064361832857, 52.5526041367013], [13.398064361832857, 52.55273903965847], [13.398064361832857, 52.55280649113705], [13.397997075539614, 52.553211200008555], [13.397862502953128, 52.553649634619354], [13.397862502953128, 52.55375081183723], [13.39772793036664, 52.55412179496945], [13.397660644073397, 52.554425326623075], [13.397593357780154, 52.55462768105883], [13.397526071486912, 52.554863761233875], [13.397526071486912, 52.554964938451754], [13.397391498900424, 52.55523474436609], [13.397324212607181, 52.555639453237596], [13.397189640020695, 52.55634769376273], [13.397189640020695, 52.55678612837353], [13.397189640020695, 52.55708966002716], [13.397122353727452, 52.557393191680795], [13.397122353727452, 52.55789907777017], [13.397189640020695, 52.55789907777017], [13.397122353727452, 52.55827006090239], [13.397055067434207, 52.55840496385956], [13.396987781140965, 52.55843868959885], [13.396987781140965, 52.558809672731066], [13.396785922261236, 52.55941673603832], [13.396651349674748, 52.55992262212771], [13.396516777088262, 52.56042850821709], [13.396382204501775, 52.56086694282789], [13.396314918208532, 52.56106929726364], [13.396247631915289, 52.56130537743869], [13.396113059328801, 52.56147400613515], [13.395911200449072, 52.56181126352807], [13.39523833751664, 52.56258695553179], [13.39523833751664, 52.562620681271085], [13.394901906050423, 52.562957938664006], [13.39463276087745, 52.563261470317634], [13.394363615704476, 52.56353127623198], [13.39422904311799, 52.56366617918914], [13.39402718423826, 52.56380108214631], [13.393758039065286, 52.56407088806065], [13.393354321305827, 52.56434069397499], [13.393354321305827, 52.564374419714284], [13.39342160759907, 52.56440814545358], [13.393219748719341, 52.56454304841074], [13.392883317253125, 52.5647454028465], [13.391604877681502, 52.565487369110926], [13.391335732508528, 52.56562227206809], [13.391066587335555, 52.56565599780738], [13.390999301042312, 52.56562227206809], [13.390730155869338, 52.565790900764554], [13.390730155869338, 52.56582462650385], [13.390595583282852, 52.5660269809396], [13.389182571124742, 52.56683639868261], [13.388913425951769, 52.567005027379075], [13.388980712245013, 52.56707247885766], [13.388778853365283, 52.56713993033624], [13.389047998538256, 52.5673085590327], [13.389047998538256, 52.56737601051129], [13.389047998538256, 52.56740973625058], [13.388644280778795, 52.567645816425625], [13.38850970819231, 52.56761209068633], [13.388375135605823, 52.56767954216492], [13.388442421899066, 52.5677469936435], [13.388576994485552, 52.56784817086138], [13.389047998538256, 52.56811797677572], [13.389249857417985, 52.56825287973289], [13.387769558966633, 52.569163474693774], [13.388240563019336, 52.5694670063474], [13.387163982327444, 52.57010779539396], [13.384270671717982, 52.571692905140694], [13.383059518439602, 52.57233369418724], [13.382521228093657, 52.57206388827291], [13.382386655507169, 52.572030162533615], [13.382252082920683, 52.572030162533615], [13.38218479662744, 52.572030162533615], [13.38117550222879, 52.572232516969365], [13.380233494123384, 52.57240114566583], [13.379964348950411, 52.572468597144415], [13.379695203777437, 52.572536048623], [13.379627917484195, 52.57273840305875], [13.379493344897707, 52.57273840305875], [13.379358772311221, 52.57283958027663], [13.379291486017978, 52.573109386190964], [13.379022340845005, 52.57307566045167], [13.378887768258519, 52.573446643583885], [13.378618623085545, 52.57341291784459], [13.378484050499058, 52.57371644949823], [13.378282191619329, 52.573682723758935], [13.378147619032841, 52.57361527228035], [13.377340183513923, 52.57415488410902], [13.376465461701759, 52.57472822167699], [13.376532747995002, 52.57479567315558], [13.376465461701759, 52.57479567315558], [13.376263602822029, 52.57493057611274], [13.3760617439423, 52.57506547906991], [13.375792598769326, 52.57523410776638], [13.375119735836893, 52.575638816637884], [13.374716018077434, 52.575841171073634], [13.37424501402473, 52.57604352550939], [13.37363943738554, 52.57631333142373], [13.372966574453107, 52.57658313733806], [13.372293711520674, 52.5768529432524], [13.372293711520674, 52.57681921751311], [13.37114984453554, 52.5772913778632], [13.37014055013689, 52.577830989691876], [13.369131255738239, 52.57840432725984], [13.36812196133959, 52.57894393908852], [13.368189247632834, 52.5790113905671], [13.36771824358013, 52.579247470742146], [13.367381812113914, 52.5794498251779], [13.366574376594995, 52.57985453404941], [13.366305231422022, 52.58002316274587], [13.365766941076075, 52.580326694399496], [13.365295937023372, 52.58059650031384], [13.365228650730128, 52.580663951792424], [13.364690360384182, 52.581001209185345], [13.36462307409094, 52.58110238640322], [13.364286642624723, 52.58130474083897], [13.364084783744993, 52.581439643796145], [13.36401749745175, 52.581439643796145], [13.36401749745175, 52.58147336953543], [13.363882924865262, 52.58123728936039], [13.363681065985533, 52.581338466578266], [13.363479207105803, 52.581439643796145], [13.362940916759856, 52.58170944971048], [13.36220076753418, 52.58214788432128], [13.360720469082828, 52.582957302064294], [13.35998031985715, 52.5833620109358], [13.359240170631475, 52.58376671980731], [13.359240170631475, 52.58386789702518], [13.358836452872016, 52.584171428678815], [13.358432735112556, 52.584272605896686], [13.358163589939583, 52.58434005737527], [13.35809630364634, 52.58434005737527], [13.357827158473366, 52.584373783114565], [13.356616005194986, 52.5850820236397], [13.355472138209851, 52.585689086946964], [13.354395557517957, 52.58629615025422], [13.353722694585525, 52.58670085912573], [13.353318976826065, 52.58690321356148], [13.352107823547685, 52.587544002608034], [13.352242396134173, 52.58757772834733], [13.351838678374712, 52.58781380852237], [13.35136767432201, 52.58801616295813], [13.349820089577413, 52.58889303217972], [13.349887375870656, 52.58923028957264], [13.34914722664498, 52.589196563833355], [13.348878081472007, 52.58936519252981], [13.348676222592278, 52.58946636974769], [13.34854165000579, 52.589533821226276], [13.348003359659845, 52.58980362714061], [13.347801500780115, 52.58993853009778], [13.347532355607141, 52.59007343305495], [13.348608936299033, 52.59030951323], [13.350223807336873, 52.590613044883625], [13.350829383976063, 52.59068049636221], [13.351300388028767, 52.590747947840796], [13.351771392081469, 52.59078167358008], [13.352175109840928, 52.590815399319375], [13.353722694585525, 52.59088285079796], [13.354126412344984, 52.59091657653725], [13.355202993036878, 52.59088285079796], [13.35567399708958, 52.59088285079796], [13.358029017353095, 52.59101775375513], [13.359038311751744, 52.59108520523372], [13.359105598044989, 52.59108520523372], [13.360047606150395, 52.59118638245159], [13.360653182789584, 52.591253833930175], [13.361124186842288, 52.59165854280168], [13.36260448529364, 52.592906395155495], [13.363681065985533, 52.5937495386378], [13.364286642624723, 52.59428915046647], [13.364286642624723, 52.594322876205766], [13.364353928917966, 52.594322876205766], [13.365228650730128, 52.59503111673091], [13.365497795903101, 52.595300922645244], [13.365699654782832, 52.5954695513417], [13.366170658835534, 52.59587426021321], [13.36711266694094, 52.59664995221693], [13.367583670993644, 52.597054661088436], [13.367785529873373, 52.59718956404561], [13.367852816166618, 52.59725701552419], [13.367987388753104, 52.59735819274207], [13.36812196133959, 52.59739191848136], [13.368189247632834, 52.59742564422065], [13.368660251685537, 52.59783035309216], [13.369602259790943, 52.59863977083517], [13.370005977550402, 52.5989433024888], [13.37014055013689, 52.59907820544597], [13.370342409016619, 52.599246834142434], [13.37054426789635, 52.59948291431748], [13.370880699362566, 52.5998201717104], [13.371015271949052, 52.600022526146155], [13.371015271949052, 52.60005625188545], [13.371082558242296, 52.60015742910332], [13.371082558242296, 52.60019115484261], [13.371418989708513, 52.600697040932], [13.371688134881484, 52.60103429832492], [13.371822707467972, 52.60127037849996], [13.372428284107162, 52.602180973460854], [13.37263014298689, 52.60245077937519], [13.372832001866621, 52.602653133810946], [13.373101147039595, 52.603091568421746], [13.373303005919324, 52.60336137433608], [13.374043155145001, 52.60440687225414], [13.37424501402473, 52.60477785538635], [13.374783304370677, 52.60551982165078], [13.37505244954365, 52.60592453052229], [13.37525430842338, 52.60622806217592], [13.375119735836893, 52.60609315921875], [13.37545616730311, 52.60653159382955], [13.375792598769326, 52.607003754179644], [13.375792598769326, 52.60707120565822], [13.376196316528786, 52.60774572044407], [13.376330889115273, 52.60933083019081], [13.376330889115273, 52.61067985976249], [13.376263602822029, 52.61111829437329], [13.376196316528786, 52.6115230032448], [13.376129030235543, 52.61175908341984], [13.375725312476083, 52.613243015948704], [13.37525430842338, 52.614221062388175], [13.374312300317973, 52.61567126917774], [13.37424501402473, 52.61577244639562], [13.37323571962608, 52.617155201706595], [13.373168433332838, 52.617290104663766], [13.373101147039595, 52.61732383040306], [13.372966574453107, 52.61752618483881], [13.372764715573378, 52.617930893710316], [13.372428284107162, 52.618369328321116], [13.371889993761215, 52.61917874606413], [13.371553562294999, 52.619684632153515], [13.371015271949052, 52.62035914693936], [13.370409695309862, 52.621202290421664], [13.369804118670674, 52.621876805207506], [13.369804118670674, 52.62194425668609], [13.369736832377429, 52.621977982425385], [13.369602259790943, 52.622112885382556], [13.3695349734977, 52.62224778833972], [13.36933311461797, 52.622416417036185], [13.368458392805806, 52.62342818921495], [13.36792010245986, 52.624068978261505], [13.367314525820671, 52.62501329896168], [13.367179953234185, 52.62528310487602], [13.367179953234185, 52.62531683061531], [13.36711266694094, 52.6253842820939], [13.367045380647697, 52.6253842820939], [13.366978094354454, 52.6253842820939], [13.367045380647697, 52.62545173357248], [13.366910808061212, 52.62555291079036], [13.366910808061212, 52.625586636529654], [13.366910808061212, 52.625788990965404], [13.366910808061212, 52.62585644244399], [13.366978094354454, 52.62585644244399], [13.367045380647697, 52.6258227167047], [13.367179953234185, 52.62575526522611], [13.367247239527428, 52.62575526522611], [13.367247239527428, 52.625788990965404], [13.367247239527428, 52.6258227167047], [13.367247239527428, 52.62589016818328], [13.367314525820671, 52.62589016818328], [13.367650957286887, 52.626025071140454], [13.36771824358013, 52.62572153948682], [13.367987388753104, 52.625586636529654], [13.36812196133959, 52.62565408800824], [13.368256533926077, 52.625687813747525], [13.36852567909905, 52.625586636529654], [13.368862110565267, 52.625687813747525], [13.369131255738239, 52.6258227167047], [13.369063969444996, 52.62599134540116], [13.369131255738239, 52.626025071140454], [13.369131255738239, 52.62605879687974], [13.3695349734977, 52.626025071140454], [13.3695349734977, 52.626126248358325], [13.3695349734977, 52.6262611513155], [13.369602259790943, 52.62632860279408], [13.369669546084186, 52.626463505751246], [13.369804118670674, 52.62653095722983], [13.369804118670674, 52.626699585926296], [13.369871404963916, 52.62673331166559], [13.37014055013689, 52.626800763144175], [13.370207836430133, 52.62683448888346], [13.370207836430133, 52.62707056905851], [13.370275122723376, 52.627003117579925], [13.370409695309862, 52.62703684331922], [13.370678840482835, 52.62730664923355], [13.370746126776078, 52.62737410071214], [13.370813413069323, 52.62737410071214], [13.370813413069323, 52.62740782645143], [13.370947985655809, 52.62737410071214], [13.371082558242296, 52.62723919775497], [13.37114984453554, 52.62723919775497], [13.371486276001756, 52.62717174627639], [13.371553562294999, 52.62720547201568], [13.371553562294999, 52.62740782645143], [13.371889993761215, 52.627340374972846], [13.372159138934189, 52.62730664923355], [13.372293711520674, 52.62727292349426], [13.372495570400405, 52.627441552190724], [13.37263014298689, 52.6275427294086], [13.372697429280134, 52.627576455147896], [13.372764715573378, 52.627576455147896], [13.372966574453107, 52.62747527793002], [13.373168433332838, 52.627576455147896], [13.373303005919324, 52.62761018088718], [13.373370292212568, 52.62771135810506], [13.373504864799054, 52.62781253532294], [13.37363943738554, 52.62781253532294], [13.37384129626527, 52.627778809583646], [13.373975868851756, 52.62767763236577], [13.374043155145001, 52.62767763236577], [13.374110441438244, 52.62767763236577], [13.374177727731487, 52.627778809583646], [13.374177727731487, 52.62791371254082], [13.374581445490946, 52.627778809583646], [13.374581445490946, 52.62791371254082], [13.374581445490946, 52.6279811640194], [13.374581445490946, 52.62801488975869], [13.374783304370677, 52.6279811640194], [13.37505244954365, 52.62825096993374], [13.375119735836893, 52.62835214715162], [13.375187022130136, 52.628520775848074], [13.375187022130136, 52.62862195306595], [13.375388881009867, 52.628655678805245], [13.37545616730311, 52.62868940454454], [13.375725312476083, 52.628520775848074], [13.375725312476083, 52.62845332436949], [13.37585988506257, 52.628419598630195], [13.375994457649057, 52.628419598630195], [13.376196316528786, 52.62835214715162], [13.376398175408516, 52.6283858728909], [13.376330889115273, 52.62862195306595], [13.376263602822029, 52.628756856023124], [13.375994457649057, 52.62889175898029], [13.375792598769326, 52.62902666193746], [13.375792598769326, 52.62906038767675], [13.37585988506257, 52.629094113416045], [13.375927171355812, 52.62912783915534], [13.375994457649057, 52.629094113416045], [13.3760617439423, 52.62906038767675], [13.376129030235543, 52.62895921045887], [13.37666732058149, 52.62892548471958], [13.376600034288245, 52.62906038767675], [13.376398175408516, 52.62916156489462], [13.376330889115273, 52.629195290633916], [13.376330889115273, 52.62922901637321], [13.376398175408516, 52.6292627421125], [13.376465461701759, 52.6292627421125], [13.376600034288245, 52.62922901637321], [13.376869179461218, 52.62916156489462], [13.377003752047706, 52.62933019359109], [13.377003752047706, 52.62939764506967], [13.376801893167976, 52.629532548026845], [13.376869179461218, 52.62959999950542], [13.376936465754461, 52.6297011767233], [13.377003752047706, 52.62976862820189], [13.377003752047706, 52.62983607968047], [13.377003752047706, 52.62990353115906], [13.376936465754461, 52.62997098263764], [13.376801893167976, 52.63003843411622], [13.376734606874733, 52.63003843411622], [13.37666732058149, 52.63020706281269], [13.376600034288245, 52.63034196576985], [13.376465461701759, 52.63044314298773], [13.376465461701759, 52.63054432020561], [13.376465461701759, 52.630611771684194], [13.376263602822029, 52.630814126119944], [13.376263602822029, 52.63091530333782], [13.376196316528786, 52.63098275481641], [13.376129030235543, 52.631151383512865], [13.376330889115273, 52.63121883499145], [13.376330889115273, 52.631286286470036], [13.376330889115273, 52.63135373794862], [13.376263602822029, 52.6314549151665], [13.3760617439423, 52.6314549151665], [13.375994457649057, 52.63152236664508], [13.375927171355812, 52.63152236664508], [13.37585988506257, 52.631589818123665], [13.375994457649057, 52.631589818123665], [13.376129030235543, 52.63169099534154], [13.376196316528786, 52.631724721080836], [13.376330889115273, 52.63175844682013], [13.376330889115273, 52.63179217255942], [13.376398175408516, 52.631825898298715], [13.376532747995002, 52.631927075516586], [13.376532747995002, 52.632028252734465], [13.376532747995002, 52.63206197847376], [13.376532747995002, 52.63209570421305], [13.376600034288245, 52.63212942995234], [13.37666732058149, 52.63212942995234], [13.376801893167976, 52.632163155691636], [13.376869179461218, 52.632163155691636], [13.376936465754461, 52.63219688143093], [13.376936465754461, 52.63226433290951], [13.376869179461218, 52.6322980586488], [13.376801893167976, 52.63233178438809], [13.376600034288245, 52.63239923586668], [13.376532747995002, 52.63243296160597], [13.376600034288245, 52.632466687345264], [13.37666732058149, 52.632466687345264], [13.376734606874733, 52.63243296160597], [13.376801893167976, 52.63243296160597], [13.376936465754461, 52.63250041308456], [13.377071038340949, 52.63250041308456], [13.377138324634192, 52.63256786456314], [13.377205610927435, 52.632669041781014], [13.377205610927435, 52.63270276752031], [13.377138324634192, 52.63270276752031], [13.377071038340949, 52.63270276752031], [13.376936465754461, 52.63270276752031], [13.376869179461218, 52.6327364932596], [13.376801893167976, 52.6327364932596], [13.376801893167976, 52.632803944738185], [13.376801893167976, 52.63283767047748], [13.376869179461218, 52.63287139621677], [13.377071038340949, 52.63297257343465], [13.377071038340949, 52.63300629917394], [13.377138324634192, 52.63307375065252], [13.377205610927435, 52.633107476391814], [13.37727289722068, 52.633107476391814], [13.377340183513923, 52.633107476391814], [13.377340183513923, 52.63307375065252], [13.377340183513923, 52.63304002491323], [13.377407469807165, 52.63304002491323], [13.377474756100408, 52.63304002491323], [13.377542042393651, 52.63304002491323], [13.377609328686896, 52.63307375065252], [13.377676614980139, 52.63307375065252], [13.377676614980139, 52.633107476391814], [13.377676614980139, 52.63314120213111], [13.377743901273382, 52.63314120213111], [13.377743901273382, 52.6331749278704], [13.377743901273382, 52.63320865360969], [13.377676614980139, 52.63327610508828], [13.377676614980139, 52.63337728230616], [13.378282191619329, 52.63398434561341], [13.378685909378788, 52.63425415152775], [13.378753195672031, 52.63435532874563], [13.379426058604464, 52.633883168395535], [13.380031635243654, 52.63425415152775], [13.380098921536897, 52.63428787726704], [13.379964348950411, 52.63442278022421], [13.380098921536897, 52.63438905448492], [13.38016620783014, 52.63442278022421], [13.380502639296356, 52.6344902317028], [13.380569925589601, 52.63452395744209], [13.380704498176087, 52.634557683181384], [13.381310074815277, 52.634760037617134], [13.38157921998825, 52.63486121483501], [13.382386655507169, 52.635097295010056], [13.382857659559873, 52.63523219796723], [13.38279037326663, 52.63550200388156], [13.382723086973385, 52.63573808405661], [13.381915651454467, 52.63594043849236], [13.38198293774771, 52.635974164231655], [13.38198293774771, 52.63594043849236], [13.382050224040952, 52.635974164231655], [13.382050224040952, 52.63600788997095], [13.382050224040952, 52.63607534144953], [13.38198293774771, 52.63614279292811], [13.381848365161224, 52.63627769588528], [13.381781078867979, 52.636311421624576], [13.381848365161224, 52.63634514736387], [13.381915651454467, 52.63634514736387], [13.382050224040952, 52.63637887310316], [13.382117510334195, 52.636412598842455], [13.38218479662744, 52.63648005032104], [13.382319369213926, 52.63648005032104], [13.382521228093657, 52.636513776060326], [13.382655800680142, 52.636513776060326], [13.382655800680142, 52.63648005032104], [13.382723086973385, 52.63644632458175], [13.382857659559873, 52.636311421624576], [13.382857659559873, 52.63627769588528], [13.382924945853116, 52.63627769588528], [13.382992232146359, 52.63627769588528], [13.383059518439602, 52.636311421624576], [13.383261377319332, 52.6366486790175], [13.383328663612575, 52.63668240475679], [13.383395949905818, 52.63668240475679], [13.383463236199063, 52.636614953278205], [13.383463236199063, 52.636513776060326], [13.383530522492306, 52.63644632458175], [13.383597808785549, 52.63644632458175], [13.383665095078792, 52.63644632458175], [13.383732381372035, 52.63648005032104], [13.38379966766528, 52.63648005032104], [13.383866953958522, 52.63648005032104], [13.383934240251765, 52.63644632458175], [13.384001526545008, 52.636412598842455], [13.384136099131496, 52.636412598842455], [13.384203385424739, 52.63637887310316], [13.384270671717982, 52.636412598842455], [13.384337958011225, 52.636412598842455], [13.384405244304467, 52.636412598842455], [13.384405244304467, 52.63637887310316], [13.384405244304467, 52.636311421624576], [13.384405244304467, 52.63627769588528], [13.384472530597712, 52.63627769588528], [13.384539816890955, 52.63627769588528], [13.384607103184198, 52.63634514736387], [13.384674389477441, 52.63637887310316], [13.384741675770684, 52.63637887310316], [13.384808962063929, 52.63634514736387], [13.384876248357171, 52.63627769588528], [13.384943534650414, 52.63624397014599], [13.385078107236902, 52.6362102444067], [13.385078107236902, 52.63624397014599], [13.385145393530145, 52.63627769588528], [13.385212679823388, 52.636311421624576], [13.385145393530145, 52.63637887310316], [13.385078107236902, 52.63644632458175], [13.38527996611663, 52.636513776060326], [13.385347252409874, 52.63658122753891], [13.385414538703118, 52.636614953278205], [13.385481824996361, 52.6366486790175], [13.385549111289604, 52.636614953278205], [13.385616397582847, 52.63654750179962], [13.38568368387609, 52.63654750179962], [13.385750970169335, 52.636513776060326], [13.385818256462578, 52.63654750179962], [13.386020115342307, 52.63668240475679], [13.386020115342307, 52.63671613049608], [13.386087401635551, 52.636749856235376], [13.386087401635551, 52.63678358197467], [13.38628926051528, 52.63671613049608], [13.386356546808523, 52.63668240475679], [13.386423833101768, 52.63668240475679], [13.38649111939501, 52.63671613049608], [13.386558405688254, 52.63671613049608], [13.386625691981497, 52.63678358197467], [13.386625691981497, 52.63681730771396], [13.386625691981497, 52.636851033453254], [13.386625691981497, 52.63698593641042], [13.386692978274741, 52.63701966214971], [13.386760264567984, 52.63701966214971], [13.386827550861227, 52.63698593641042], [13.38689483715447, 52.636952210671126], [13.387029409740958, 52.636952210671126], [13.3870966960342, 52.636952210671126], [13.387231268620686, 52.63698593641042], [13.38729855491393, 52.63701966214971], [13.387365841207174, 52.637053387889004], [13.387433127500417, 52.6370871136283], [13.387567700086903, 52.63722201658547], [13.387634986380146, 52.63725574232476], [13.38770227267339, 52.63722201658547], [13.387836845259876, 52.637188290846176], [13.388038704139607, 52.63715456510688], [13.388240563019336, 52.63715456510688], [13.388307849312579, 52.63715456510688], [13.388442421899066, 52.63722201658547], [13.388442421899066, 52.63725574232476], [13.38850970819231, 52.63728946806405], [13.388442421899066, 52.63732319380334], [13.388375135605823, 52.63735691954263], [13.388307849312579, 52.637390645281926], [13.388375135605823, 52.63742437102122], [13.388375135605823, 52.63745809676051], [13.38850970819231, 52.63759299971768], [13.388576994485552, 52.63759299971768], [13.388644280778795, 52.63759299971768], [13.388980712245013, 52.63759299971768], [13.389047998538256, 52.63759299971768], [13.389182571124742, 52.63759299971768], [13.389182571124742, 52.637626725456975], [13.389249857417985, 52.63766045119627], [13.389182571124742, 52.63766045119627], [13.389182571124742, 52.637694176935554], [13.3891152848315, 52.63772790267485], [13.388913425951769, 52.637829079892725], [13.388913425951769, 52.63786280563202], [13.389047998538256, 52.63786280563202], [13.3891152848315, 52.63786280563202], [13.389249857417985, 52.63786280563202], [13.38931714371123, 52.63786280563202], [13.38931714371123, 52.63789653137131], [13.38931714371123, 52.6379639828499], [13.389249857417985, 52.63803143432848], [13.389047998538256, 52.63809888580706], [13.389047998538256, 52.638132611546354], [13.389249857417985, 52.63820006302494], [13.389384430004473, 52.63823378876423], [13.389451716297716, 52.6383686917214], [13.389519002590959, 52.638469868939275], [13.389519002590959, 52.63850359467857], [13.389519002590959, 52.638604771896446], [13.389586288884201, 52.638604771896446], [13.389855434057175, 52.638604771896446], [13.389855434057175, 52.63863849763574], [13.389855434057175, 52.63884085207149], [13.389788147763932, 52.63887457781078], [13.389720861470689, 52.63884085207149], [13.389720861470689, 52.63887457781078], [13.389653575177446, 52.6388071263322], [13.389519002590959, 52.63877340059291], [13.389519002590959, 52.6388071263322], [13.389586288884201, 52.63884085207149], [13.389586288884201, 52.63887457781078], [13.389653575177446, 52.638908303550075], [13.389586288884201, 52.63900948076795], [13.389586288884201, 52.639043206507246], [13.389720861470689, 52.639043206507246], [13.389855434057175, 52.639043206507246], [13.389922720350418, 52.639043206507246], [13.389922720350418, 52.63907693224654], [13.389922720350418, 52.63911065798583], [13.389720861470689, 52.63927928668229], [13.389519002590959, 52.639346738160874], [13.389519002590959, 52.63938046390017], [13.389586288884201, 52.63938046390017], [13.389720861470689, 52.639346738160874], [13.389855434057175, 52.639346738160874], [13.389990006643663, 52.63951536685734], [13.390057292936905, 52.63954909259663], [13.390057292936905, 52.639582818335924], [13.390057292936905, 52.63961654407521], [13.390057292936905, 52.639683995553796], [13.390191865523391, 52.63975144703238], [13.390191865523391, 52.639785172771674], [13.390259151816634, 52.639785172771674], [13.390326438109879, 52.639785172771674], [13.390461010696365, 52.63981889851097], [13.390461010696365, 52.63985262425026], [13.390461010696365, 52.63988634998955], [13.390326438109879, 52.639920075728845], [13.390259151816634, 52.63995380146814], [13.390259151816634, 52.63998752720743], [13.390326438109879, 52.63998752720743], [13.390393724403122, 52.63998752720743], [13.390461010696365, 52.64002125294672], [13.390393724403122, 52.64032478460035], [13.390393724403122, 52.640358510339645], [13.390259151816634, 52.640358510339645], [13.390191865523391, 52.640358510339645], [13.390191865523391, 52.64039223607893], [13.390191865523391, 52.640662041993274], [13.390259151816634, 52.640695767732566], [13.390191865523391, 52.64072949347186], [13.390124579230148, 52.64076321921115], [13.390124579230148, 52.64079694495044], [13.390191865523391, 52.64083067068973], [13.390259151816634, 52.640898122168316], [13.390191865523391, 52.64093184790761], [13.390124579230148, 52.64093184790761], [13.390057292936905, 52.6409655736469], [13.389990006643663, 52.6409655736469], [13.389922720350418, 52.640999299386195], [13.389990006643663, 52.64110047660407], [13.390057292936905, 52.64116792808265], [13.389720861470689, 52.641201653821945], [13.389653575177446, 52.641336556779116], [13.389586288884201, 52.641437733996995], [13.389653575177446, 52.64147145973629], [13.389653575177446, 52.64150518547558], [13.389720861470689, 52.64150518547558], [13.389788147763932, 52.64150518547558], [13.389855434057175, 52.64150518547558], [13.389855434057175, 52.641437733996995], [13.389788147763932, 52.641437733996995], [13.389788147763932, 52.6414040082577], [13.389788147763932, 52.64137028251841], [13.390057292936905, 52.641336556779116], [13.390124579230148, 52.641336556779116], [13.390393724403122, 52.64147145973629], [13.390393724403122, 52.64150518547558], [13.390326438109879, 52.64153891121487], [13.390259151816634, 52.64150518547558], [13.390124579230148, 52.64147145973629], [13.390057292936905, 52.64147145973629], [13.390057292936905, 52.64153891121487], [13.390057292936905, 52.64157263695416], [13.390057292936905, 52.64160636269345], [13.390124579230148, 52.64174126565062], [13.390191865523391, 52.64174126565062], [13.390326438109879, 52.641774991389916], [13.390393724403122, 52.64180871712921], [13.390191865523391, 52.64201107156496], [13.390191865523391, 52.642078523043544], [13.390259151816634, 52.642078523043544], [13.390326438109879, 52.642078523043544], [13.390595583282852, 52.64214597452213], [13.390595583282852, 52.642213426000716], [13.390595583282852, 52.64224715174001], [13.390461010696365, 52.642314603218594], [13.390326438109879, 52.64234832895788], [13.390124579230148, 52.642415780436465], [13.390259151816634, 52.64248323191505], [13.390326438109879, 52.64248323191505], [13.390393724403122, 52.64248323191505], [13.390461010696365, 52.64248323191505], [13.390528296989608, 52.64244950617576], [13.390595583282852, 52.642415780436465], [13.390662869576095, 52.642415780436465], [13.390730155869338, 52.64238205469717], [13.390797442162581, 52.642415780436465], [13.390864728455824, 52.64244950617576], [13.390932014749069, 52.64248323191505], [13.390932014749069, 52.64255068339364], [13.390932014749069, 52.64258440913293], [13.390797442162581, 52.64258440913293], [13.390730155869338, 52.64261813487222], [13.390730155869338, 52.642651860611515], [13.390730155869338, 52.64268558635081], [13.390797442162581, 52.64275303782939], [13.390864728455824, 52.64282048930797], [13.390932014749069, 52.642854215047265], [13.390999301042312, 52.64288794078656], [13.391066587335555, 52.642955392265144], [13.391066587335555, 52.643090295222315], [13.391066587335555, 52.6431240209616], [13.39120115992204, 52.6431240209616], [13.391268446215285, 52.6431240209616], [13.391335732508528, 52.64315774670089], [13.391335732508528, 52.64325892391877], [13.391335732508528, 52.643292649658065], [13.391335732508528, 52.64336010113665], [13.391335732508528, 52.643427552615236], [13.391268446215285, 52.643495004093815], [13.391268446215285, 52.64352872983311], [13.391335732508528, 52.64352872983311], [13.391403018801771, 52.643495004093815], [13.391672163974745, 52.64339382687594], [13.391874022854473, 52.64332637539736], [13.391941309147718, 52.64336010113665], [13.392008595440961, 52.64336010113665], [13.392008595440961, 52.64332637539736], [13.392008595440961, 52.643292649658065], [13.392008595440961, 52.64322519817948], [13.392075881734204, 52.643191472440186], [13.39221045432069, 52.643191472440186], [13.392277740613935, 52.643191472440186], [13.392277740613935, 52.64322519817948], [13.392277740613935, 52.64325892391877], [13.392277740613935, 52.643292649658065], [13.392277740613935, 52.64332637539736], [13.392277740613935, 52.64336010113665], [13.392277740613935, 52.643427552615236], [13.39221045432069, 52.64346127835453], [13.392277740613935, 52.643495004093815], [13.392345026907178, 52.64352872983311], [13.392345026907178, 52.6435624555724], [13.392277740613935, 52.64359618131169], [13.39221045432069, 52.64359618131169], [13.392143168027447, 52.64359618131169], [13.392075881734204, 52.6435624555724], [13.392008595440961, 52.64352872983311], [13.391941309147718, 52.64352872983311], [13.39180673656123, 52.64352872983311], [13.391739450267988, 52.64352872983311], [13.391672163974745, 52.64352872983311], [13.391604877681502, 52.6435624555724], [13.391537591388257, 52.6435624555724], [13.391537591388257, 52.64359618131169], [13.391604877681502, 52.643629907050986], [13.391874022854473, 52.64366363279028], [13.392008595440961, 52.64366363279028], [13.392008595440961, 52.643629907050986], [13.392143168027447, 52.643629907050986], [13.39221045432069, 52.643629907050986], [13.392277740613935, 52.64366363279028], [13.392345026907178, 52.64366363279028], [13.392345026907178, 52.64369735852957], [13.392277740613935, 52.643731084268865], [13.392277740613935, 52.64376481000816], [13.392075881734204, 52.64379853574745], [13.392008595440961, 52.64379853574745], [13.391739450267988, 52.64379853574745], [13.39180673656123, 52.64383226148674], [13.391874022854473, 52.643865987226036], [13.392008595440961, 52.643933438704615], [13.392075881734204, 52.64396716444391], [13.392143168027447, 52.643933438704615], [13.39221045432069, 52.64396716444391], [13.392277740613935, 52.6440008901832], [13.392277740613935, 52.64403461592249], [13.39221045432069, 52.64410206740108], [13.392143168027447, 52.64410206740108], [13.392075881734204, 52.64410206740108], [13.392008595440961, 52.64410206740108], [13.391941309147718, 52.644068341661786], [13.391874022854473, 52.644068341661786], [13.39180673656123, 52.644068341661786], [13.391739450267988, 52.64410206740108], [13.391739450267988, 52.64413579314037], [13.391672163974745, 52.64413579314037], [13.391672163974745, 52.644169518879664], [13.391672163974745, 52.64420324461896], [13.391672163974745, 52.644270696097536], [13.391739450267988, 52.64433814757612], [13.39180673656123, 52.644371873315414], [13.391874022854473, 52.644439324794], [13.392008595440961, 52.64447305053329], [13.392075881734204, 52.64447305053329], [13.392143168027447, 52.644506776272586], [13.39221045432069, 52.64454050201188], [13.392143168027447, 52.64457422775117], [13.392075881734204, 52.644607953490464], [13.392008595440961, 52.64464167922976], [13.391941309147718, 52.64467540496904], [13.391941309147718, 52.64474285644763], [13.391941309147718, 52.64477658218692], [13.392008595440961, 52.64477658218692], [13.392008595440961, 52.644810307926214], [13.392143168027447, 52.644810307926214], [13.392143168027447, 52.64484403366551], [13.39221045432069, 52.6448777594048], [13.39221045432069, 52.64491148514409], [13.392345026907178, 52.64508011384055], [13.392345026907178, 52.64511383957984], [13.39241231320042, 52.64511383957984], [13.392479599493663, 52.64511383957984], [13.392546885786906, 52.64511383957984], [13.392614172080151, 52.64511383957984], [13.392748744666637, 52.64511383957984], [13.39281603095988, 52.645147565319135], [13.392748744666637, 52.645147565319135], [13.392681458373394, 52.64521501679772], [13.392681458373394, 52.645248742537014], [13.392614172080151, 52.64528246827631], [13.392614172080151, 52.6453161940156], [13.392614172080151, 52.64534991975489], [13.392681458373394, 52.64528246827631], [13.392748744666637, 52.64528246827631], [13.392883317253125, 52.6453161940156], [13.392950603546367, 52.6453161940156], [13.39301788983961, 52.64534991975489], [13.39301788983961, 52.64541737123348], [13.392950603546367, 52.645451096972764], [13.392883317253125, 52.645451096972764], [13.392883317253125, 52.64551854845135], [13.39301788983961, 52.64568717714781], [13.393085176132853, 52.645720902887106], [13.393152462426096, 52.6457546286264], [13.393152462426096, 52.64578835436569], [13.393152462426096, 52.64582208010498], [13.393085176132853, 52.64585580584427], [13.393085176132853, 52.645923257322856], [13.393152462426096, 52.646024434540735], [13.393219748719341, 52.64605816028003], [13.393287035012584, 52.64605816028003], [13.393690752772043, 52.64609188601932], [13.393758039065286, 52.64612561175861], [13.393758039065286, 52.6461930632372], [13.393758039065286, 52.646226788976485], [13.393758039065286, 52.64626051471578], [13.393690752772043, 52.64626051471578], [13.393690752772043, 52.64632796619436], [13.3936234664788, 52.646361691933656], [13.3936234664788, 52.64642914341224], [13.393690752772043, 52.64653032063012], [13.393690752772043, 52.6465977721087], [13.393758039065286, 52.646665223587284], [13.393825325358529, 52.64673267506587], [13.393892611651774, 52.646800126544456], [13.393959897945017, 52.64686757802304], [13.393959897945017, 52.646901303762334], [13.39402718423826, 52.646901303762334], [13.394094470531503, 52.64693502950163], [13.39402718423826, 52.64696875524092], [13.394094470531503, 52.647002480980206], [13.394094470531503, 52.6470362067195], [13.39422904311799, 52.647103658198084], [13.394296329411233, 52.64720483541596], [13.394363615704476, 52.647238561155255], [13.394363615704476, 52.647339738373134], [13.394498188290964, 52.64750836706959], [13.394767333463935, 52.64750836706959], [13.395036478636909, 52.647440915591005], [13.395103764930152, 52.64740718985171], [13.395440196396368, 52.647339738373134], [13.395507482689613, 52.647339738373134], [13.395642055276099, 52.647339738373134], [13.395709341569342, 52.64737346411242], [13.395776627862585, 52.6474746413303], [13.39584391415583, 52.64750836706959], [13.39584391415583, 52.647542092808884], [13.395911200449072, 52.647542092808884], [13.395978486742315, 52.6474746413303], [13.396045773035558, 52.6474746413303], [13.396113059328801, 52.6474746413303], [13.396113059328801, 52.647440915591005], [13.396180345622046, 52.647440915591005], [13.396247631915289, 52.64740718985171], [13.396382204501775, 52.647440915591005], [13.396449490795018, 52.6474746413303], [13.396584063381505, 52.64757581854818], [13.396718635967991, 52.647676995766055], [13.396718635967991, 52.64771072150535], [13.396785922261236, 52.64771072150535], [13.396785922261236, 52.64781189872322], [13.396853208554479, 52.6479130759411], [13.396920494847722, 52.64794680168039], [13.396987781140965, 52.64798052741968], [13.397189640020695, 52.64808170463756], [13.397324212607181, 52.64818288185543], [13.397458785193669, 52.648216607594726], [13.397526071486912, 52.64825033333402], [13.397795216659885, 52.64828405907331], [13.397929789246371, 52.648317784812605], [13.397929789246371, 52.648115430376855], [13.39934280140448, 52.64737346411242], [13.401092245028806, 52.64639541767295], [13.40176510796124, 52.64599070880144], [13.40324540641259, 52.64518129105843], [13.403918269345024, 52.6448777594048], [13.404725704863944, 52.64454050201188], [13.406609721074757, 52.64383226148674], [13.407484442886918, 52.64302284374373], [13.407753588059892, 52.64278676356868], [13.40788816064638, 52.64268558635081], [13.408090019526108, 52.642719312090094], [13.408426450992325, 52.64278676356868], [13.408695596165298, 52.64282048930797], [13.409166600218002, 52.64292166652585], [13.412261769707193, 52.643495004093815], [13.413607495572059, 52.64248323191505], [13.41441493109098, 52.642516957654344], [13.414751362557196, 52.64238205469717], [13.414751362557196, 52.641774991389916], [13.414280358504492, 52.64123537956124], [13.415087794023412, 52.64062831625398], [13.415693370662602, 52.640122430164595], [13.416568092474764, 52.63944791537875], [13.416837237647737, 52.63927928668229], [13.419192257911252, 52.63820006302494], [13.420807128949091, 52.637390645281926], [13.421681850761255, 52.63691848493183], [13.423296721799094, 52.63604161571024], [13.423565866972067, 52.63594043849236], [13.423902298438284, 52.63573808405661], [13.424373302490986, 52.63546827814227], [13.424373302490986, 52.63556945536015], [13.426593750168015, 52.63691848493183], [13.427132040513962, 52.63722201658547], [13.427266613100448, 52.63728946806405], [13.427603044566665, 52.6375255482391], [13.43015992370991, 52.63745809676051], [13.432716802853156, 52.637390645281926], [13.434264387597752, 52.6379639828499], [13.434062528718021, 52.638705949114325], [13.433927956131535, 52.63938046390017], [13.433389665785588, 52.64147145973629], [13.433524238372076, 52.64211224878284], [13.433456952078831, 52.64211224878284], [13.433524238372076, 52.64238205469717], [13.433524238372076, 52.642415780436465], [13.433591524665319, 52.64261813487222], [13.433726097251805, 52.64322519817948], [13.433793383545048, 52.64383226148674], [13.433860669838293, 52.6440008901832], [13.433995242424778, 52.644270696097536], [13.434197101304509, 52.64430442183683], [13.434802677943697, 52.644439324794], [13.435273681996401, 52.64454050201188], [13.435408254582887, 52.64457422775117], [13.43567739975586, 52.64467540496904], [13.436013831222077, 52.644709130708335], [13.436350262688293, 52.64477658218692], [13.436552121568024, 52.644810307926214], [13.436753980447753, 52.644810307926214], [13.437763274846404, 52.64497893662268], [13.438839855538296, 52.645147565319135], [13.43910900071127, 52.64521501679772], [13.439445432177486, 52.645248742537014], [13.439781863643702, 52.64528246827631], [13.440320153989648, 52.64737346411242], [13.440791158042352, 52.64926210551279], [13.441531307268027, 52.649397008469954], [13.441665879854515, 52.64932955699137], [13.44159859356127, 52.64902602533774], [13.442742460546407, 52.64912720255562], [13.442877033132893, 52.64936328273066], [13.44321346459911, 52.64936328273066], [13.443280750892354, 52.649531911427125], [13.444895621930193, 52.64949818568783], [13.445366625982896, 52.64956563716642], [13.445837630035598, 52.6496668143843], [13.446039488915329, 52.64970054012358], [13.446241347795059, 52.649734265862875], [13.446375920381545, 52.64980171734146], [13.446712351847761, 52.64993662029863], [13.446981497020735, 52.64993662029863], [13.447250642193708, 52.65000407177722], [13.447452501073437, 52.65003779751651], [13.44772164624641, 52.65003779751651], [13.447923505126141, 52.65003779751651], [13.449471089870737, 52.649970346037925], [13.450884102028846, 52.649835443080754], [13.45115324720182, 52.64980171734146], [13.451220533495063, 52.64980171734146], [13.451489678668036, 52.64976799160217], [13.451556964961279, 52.649734265862875], [13.451624251254522, 52.649633088645004], [13.451691537547765, 52.6496668143843], [13.45175882384101, 52.6496668143843], [13.451893396427495, 52.6496668143843], [13.451960682720738, 52.64970054012358], [13.452095255307226, 52.6496668143843], [13.452095255307226, 52.64868876794482], [13.456267005488309, 52.64838523629119], [13.45646886436804, 52.64841896203048], [13.45976589273696, 52.64808170463756], [13.460102324203177, 52.648317784812605], [13.460438755669394, 52.64848641350907], [13.46077518713561, 52.64858759072694], [13.461313477481557, 52.64872249368411], [13.461851767827504, 52.64882367090199], [13.462120913000476, 52.64885739664128], [13.46218819929372, 52.648891122380576], [13.462322771880206, 52.64899229959845], [13.46239005817345, 52.64902602533774], [13.46239005817345, 52.64905975107703], [13.462524630759937, 52.6492283797735], [13.46259191705318, 52.64926210551279], [13.462659203346423, 52.64949818568783], [13.46279377593291, 52.649633088645004], [13.463062921105882, 52.64993662029863], [13.463601211451829, 52.65024015195226], [13.463937642918046, 52.65034132917014], [13.464072215504531, 52.650408780648725], [13.464139501797776, 52.650408780648725], [13.464206788091019, 52.650408780648725], [13.464274074384262, 52.650408780648725], [13.464341360677505, 52.65044250638802], [13.46440864697075, 52.6504762321273], [13.464543219557235, 52.65054368360589], [13.464745078436966, 52.65067858656306], [13.465014223609938, 52.650746038041646], [13.465283368782911, 52.6509146667381], [13.465485227662642, 52.651049569695274], [13.465754372835615, 52.651184472652446], [13.466359949474803, 52.651386827088196], [13.466561808354534, 52.651488004306074], [13.466763667234265, 52.65152173004537], [13.466965526113993, 52.651622907263246], [13.467100098700481, 52.65165663300253], [13.46730195758021, 52.65165663300253], [13.467571102753183, 52.65158918152395], [13.467638389046426, 52.65158918152395], [13.468042106805887, 52.65158918152395], [13.46810939309913, 52.651622907263246], [13.46831125197886, 52.65165663300253], [13.46851311085859, 52.651622907263246], [13.468580397151833, 52.651690358741824], [13.468647683445077, 52.65172408448112], [13.468782256031563, 52.65172408448112], [13.468984114911294, 52.651690358741824], [13.469253260084265, 52.65165663300253], [13.469656977843727, 52.65175781022041], [13.469926123016698, 52.651825261698995], [13.469993409309943, 52.65185898743829], [13.470464413362645, 52.652364873527674], [13.471069990001835, 52.6526684051813], [13.471271848881566, 52.65276958239918], [13.471473707761294, 52.65287075961705], [13.471540994054537, 52.65300566257422], [13.471675566641025, 52.653039388313516], [13.471742852934268, 52.6531068397921], [13.471810139227511, 52.653140565531395], [13.471944711813999, 52.653241742749266], [13.472079284400484, 52.65330919422785], [13.472146570693727, 52.65337664570644], [13.472146570693727, 52.65341037144573], [13.4724157158667, 52.653477822924316], [13.472617574746431, 52.65357900014219], [13.472684861039674, 52.65361272588148], [13.472752147332917, 52.65364645162077], [13.472954006212648, 52.653680177360066], [13.473290437678864, 52.65381508031724], [13.473492296558593, 52.65384880605653], [13.47362686914508, 52.653916257535116], [13.473896014318054, 52.654118611970866], [13.474097873197783, 52.65432096640662], [13.474097873197783, 52.6543884178852], [13.474097873197783, 52.65452332084237], [13.47403058690454, 52.654557046581665], [13.47403058690454, 52.65462449806025], [13.474097873197783, 52.65469194953884], [13.474097873197783, 52.654759401017415], [13.47403058690454, 52.654860578235294], [13.474165159491026, 52.65536646432468], [13.47423244578427, 52.65560254449972], [13.474299732077514, 52.6557037217176], [13.47423244578427, 52.65573744745689], [13.474097873197783, 52.65593980189264], [13.473694155438324, 52.65631078502486], [13.473559582851838, 52.65637823650344], [13.473492296558593, 52.65654686519991], [13.472281143280215, 52.656648042417785], [13.471742852934268, 52.65668176815707], [13.471204562588321, 52.65674921963566], [13.46259191705318, 52.65752491163938], [13.46239005817345, 52.65752491163938], [13.458016449112636, 52.659784536171955], [13.457478158766689, 52.6600543420863], [13.4548539933302, 52.66140337165798], [13.453911985224794, 52.66190925774737], [13.450816815735603, 52.662651224011796], [13.451489678668036, 52.663190835840474], [13.451624251254522, 52.66325828731905], [13.452633545653171, 52.663966527844195], [13.45505585220993, 52.66555163759093], [13.455526856262633, 52.66575399202668], [13.459564033857232, 52.668991662998735], [13.46299563481264, 52.667979890819964], [13.465754372835615, 52.66717047307695], [13.465956231715344, 52.66710302159837], [13.470531699655888, 52.67108265883485], [13.470733558535619, 52.67101520735626], [13.471944711813999, 52.67209443101362], [13.473559582851838, 52.673443460585304], [13.474434304664, 52.67418542684973], [13.475443599062649, 52.67502857033204], [13.475510885355893, 52.67492739311416], [13.475780030528865, 52.67472503867841], [13.47625103458157, 52.67438778128549], [13.476654752341028, 52.67418542684973], [13.476789324927516, 52.67408424963186], [13.477193042686975, 52.673881895196104], [13.47954806295049, 52.67546700494284], [13.480019067003195, 52.67492739311416], [13.480086353296437, 52.67485994163558], [13.479884494416707, 52.6747587644177], [13.479077058897788, 52.6739156209354], [13.47833690967211, 52.67317365467097], [13.477260328980218, 52.672060705274326], [13.477058470100488, 52.67189207657786], [13.476587466047786, 52.67145364196706], [13.476318320874812, 52.67118383605273], [13.47625103458157, 52.67108265883485], [13.476049175701839, 52.670711675702634], [13.475510885355893, 52.66990225795962], [13.47483802242346, 52.66878930856298], [13.474703449836973, 52.66851950264864], [13.474703449836973, 52.668418325430764], [13.474703449836973, 52.668317148212886], [13.474972595009946, 52.66804734229855], [13.47524174018292, 52.667777536384214], [13.475376312769406, 52.66764263342704], [13.475443599062649, 52.66750773046988], [13.475578171649136, 52.66730537603412], [13.475510885355893, 52.667035570119786], [13.475510885355893, 52.66673203846616], [13.475578171649136, 52.66663086124828], [13.475578171649136, 52.66659713550899], [13.47564545794238, 52.66642850681252], [13.475712744235622, 52.66636105533394], [13.476049175701839, 52.66649595829111], [13.47773133303292, 52.667237924555536], [13.478404195965355, 52.667541456209165], [13.48075921622887, 52.66818224525572], [13.481095647695087, 52.6682834224736], [13.48237408726671, 52.6686881313451], [13.483517954251845, 52.668991662998735], [13.484998252703198, 52.66939637187024], [13.485132825289684, 52.669430097609535], [13.488362567365362, 52.67054304700618], [13.48768970443293, 52.668114793777136], [13.48768970443293, 52.66808106803784], [13.487420559259956, 52.66700184438049], [13.48728598667347, 52.66659713550899], [13.48708412779374, 52.66575399202668], [13.486613123741037, 52.66403397932278], [13.486209405981578, 52.66258377253321], [13.486209405981578, 52.66255004679392], [13.486007547101847, 52.661875532008075], [13.48587297451536, 52.66120101722223], [13.485805688222117, 52.66113356574365], [13.4854692567559, 52.65981826191125], [13.4854692567559, 52.65975081043267], [13.485401970462657, 52.659683358954084], [13.485334684169414, 52.65941355303974], [13.485940260808604, 52.658941392689655], [13.488093422192389, 52.65708647702858], [13.48829528107212, 52.65691784833212], [13.488631712538336, 52.65661431667849], [13.4895064343505, 52.65590607615335], [13.490717587628877, 52.65479312675671], [13.491726882027528, 52.654422143624494], [13.492870749012663, 52.653983709013694], [13.493947329704556, 52.65357900014219], [13.495360341862666, 52.65300566257422], [13.497782648419424, 52.65206134187404], [13.500474100149155, 52.65101584395598], [13.50094510420186, 52.65081348952023], [13.501819826014023, 52.6504762321273], [13.502694547826184, 52.650172700473675], [13.503165551878888, 52.649970346037925], [13.504713136623483, 52.64956563716642], [13.506799011714026, 52.64855386498765], [13.507135443180243, 52.64838523629119], [13.507270015766728, 52.64828405907331], [13.508413882751865, 52.64771072150535], [13.509961467496462, 52.64686757802304], [13.510365185255921, 52.646665223587284], [13.51056704413565, 52.64656404636941], [13.511912770000517, 52.64582208010498], [13.512854778105922, 52.64541737123348], [13.514469649143761, 52.645923257322856], [13.515209798369439, 52.64612561175861], [13.516017233888357, 52.64629424045507], [13.516555524234304, 52.64642914341224], [13.517161100873494, 52.64656404636941], [13.517833963805927, 52.64669894932658], [13.51850682673836, 52.64683385228375], [13.519246975964036, 52.64693502950163], [13.519583407430252, 52.646361691933656], [13.519583407430252, 52.64632796619436], [13.519650693723495, 52.646226788976485], [13.519852552603226, 52.6457546286264], [13.519987125189711, 52.645484822712056], [13.520256270362685, 52.64511383957984], [13.520390842949173, 52.6448777594048], [13.521669282520795, 52.644945210883385], [13.521803855107281, 52.644945210883385], [13.522409431746471, 52.64501266236197], [13.523015008385661, 52.64504638810126], [13.522947722092418, 52.64440559905471], [13.522947722092418, 52.64410206740108], [13.522947722092418, 52.64403461592249], [13.522880435799173, 52.64369735852957], [13.52281314950593, 52.64325892391877], [13.52281314950593, 52.6431240209616], [13.522678576919445, 52.642213426000716], [13.522678576919445, 52.64217970026142], [13.522544004332957, 52.64174126565062], [13.522476718039714, 52.64123537956124], [13.522409431746471, 52.64076321921115], [13.522140286573498, 52.63981889851097], [13.521736568814038, 52.6388071263322], [13.521736568814038, 52.63867222337503], [13.521467423641065, 52.63823378876423], [13.521400137347822, 52.63806516006777], [13.521063705881605, 52.637491822499804], [13.520861847001875, 52.63691848493183], [13.520592701828901, 52.636176518667405], [13.520390842949173, 52.635636906838734], [13.520323556655928, 52.63546827814227], [13.520188984069442, 52.63523219796723], [13.520121697776199, 52.63513102074935], [13.519785266309983, 52.6344902317028], [13.519045117084307, 52.63287139621677], [13.51850682673836, 52.63175844682013], [13.518439540445117, 52.63169099534154], [13.518439540445117, 52.63155609238437], [13.517968536392413, 52.63000470837693], [13.517833963805927, 52.62956627376613], [13.516420951647817, 52.62912783915534], [13.515949947595114, 52.62902666193746], [13.515007939489708, 52.62872313028383], [13.514671508023492, 52.628655678805245], [13.512854778105922, 52.62818351845515], [13.51137447965457, 52.627778809583646], [13.510701616722137, 52.627576455147896], [13.510297898962678, 52.627441552190724], [13.508884886804568, 52.62696939184063], [13.507942878699161, 52.62663213444771], [13.50767373352619, 52.62649723149054], [13.507000870593755, 52.626227425576204], [13.50585700360862, 52.62575526522611], [13.505789717315377, 52.624406235654426], [13.505520572142403, 52.62106738746449], [13.505520572142403, 52.620898758768035], [13.50545328584916, 52.61998816380714], [13.505184140676187, 52.61985326084997], [13.504713136623483, 52.61965090641422], [13.50464585033024, 52.619583454935636], [13.503703842224834, 52.619246197542715], [13.503501983345105, 52.61917874606413], [13.503367410758617, 52.619043843106965], [13.503300124465374, 52.61897639162838], [13.503232838172131, 52.61884148867121], [13.502761834119427, 52.618166973885366], [13.502290830066725, 52.61732383040306], [13.501954398600509, 52.616817944313674], [13.501752539720778, 52.61648068692075], [13.501617967134292, 52.616312058224295], [13.501214249374833, 52.61557009195987], [13.500877817908616, 52.61489557717402], [13.500675959028886, 52.614423416823925], [13.50033952756267, 52.613883804995254], [13.500204954976184, 52.61361399908092], [13.500070382389696, 52.61337791890587], [13.499397519457263, 52.612264969509226], [13.499195660577533, 52.611927712116305], [13.49892651540456, 52.61155672898409], [13.498859229111316, 52.61132064880904], [13.4985227976451, 52.61074731124108], [13.498455511351857, 52.61067985976249], [13.49832093876537, 52.61024142515169], [13.498253652472128, 52.61000534497665], [13.497917221005912, 52.609061024276464], [13.497446216953207, 52.60771199470478], [13.497244358073477, 52.60703747991894], [13.497109785486991, 52.60670022252601], [13.496638781434289, 52.6050139355614], [13.496773354020775, 52.605047661300695], [13.498993801697804, 52.605148838518566], [13.500204954976184, 52.60342882581467], [13.501012390495102, 52.60234960215732], [13.502223543773482, 52.60062958945341], [13.502290830066725, 52.60052841223553], [13.503232838172131, 52.59917938266385], [13.5050495680897, 52.59664995221693], [13.5050495680897, 52.596616226477636], [13.505184140676187, 52.59644759778118], [13.50525142696943, 52.59638014630259], [13.505722431022134, 52.595638180038165], [13.506328007661322, 52.59472758507727], [13.508144737578892, 52.59216442889107], [13.514604221730249, 52.59240050906611], [13.51669009682079, 52.59250168628399], [13.517564818632954, 52.59253541202328], [13.519919838896469, 52.59263658924116], [13.521669282520795, 52.592704040719745], [13.522880435799173, 52.59273776645903], [13.525168169769445, 52.592467960544695], [13.527186758566746, 52.59223188036965], [13.527321331153232, 52.59223188036965], [13.527725048912691, 52.59223188036965], [13.52974363770999, 52.59179344575885], [13.53075293210864, 52.5915573655838], [13.531022077281612, 52.59152363984452], [13.532233230559992, 52.59122010819088], [13.534049960477562, 52.59084912505867], [13.534588250823507, 52.590747947840796], [13.534722823409995, 52.590714222101504], [13.535799404101887, 52.590478141926454], [13.535933976688373, 52.59044441618716], [13.53707784367351, 52.590174610272825], [13.537145129966753, 52.59014088453353], [13.538356283245133, 52.5898710786192], [13.538490855831618, 52.5898710786192], [13.539096432470808, 52.589736175662026], [13.541249593854594, 52.58923028957264], [13.541518739027568, 52.589196563833355], [13.541653311614054, 52.58916283809406], [13.547238073953247, 52.587982437218834], [13.547036215073518, 52.58778008278308], [13.546968928780274, 52.58764517982591], [13.549391235337033, 52.58676831060431], [13.550198670855952, 52.586464778950685], [13.551746255600548, 52.58585771564342], [13.552688263705955, 52.58541928103262], [13.553293840345145, 52.585149475118286], [13.553899416984335, 52.58487966920395], [13.554572279916767, 52.58454241181103], [13.555177856555957, 52.584272605896686], [13.555514288022174, 52.58413770293952], [13.55585071948839, 52.583935348503765], [13.559484179323528, 52.58191180414623], [13.55995518337623, 52.5816082724926], [13.560493473722177, 52.58127101509968], [13.561031764068124, 52.580866306228174], [13.561300909241096, 52.58069767753171], [13.561704627000557, 52.58046159735667], [13.561839199587043, 52.58039414587808], [13.562041058466773, 52.580225517181624], [13.562310203639747, 52.58002316274587], [13.562310203639747, 52.579989437006574], [13.563252211745151, 52.57918001926356], [13.563319498038396, 52.57907884204569], [13.563588643211368, 52.57887648760993], [13.564530651316774, 52.57820197282409], [13.564665223903262, 52.578033344127626], [13.565203514249207, 52.57735882934178], [13.56648195382083, 52.576178428466555], [13.566885671580291, 52.57547018794142], [13.567222103046507, 52.575099204809206], [13.567423961926236, 52.57486312463416], [13.56769310709921, 52.57449214150195], [13.56789496597894, 52.57428978706619], [13.5682986837384, 52.57378390097681], [13.568365970031643, 52.57361527228035], [13.56850054261813, 52.57341291784459], [13.568567828911373, 52.573109386190964], [13.569173405550563, 52.57307566045167], [13.569106119257318, 52.5733791921053], [13.57139385322759, 52.573244289148136], [13.573076010558674, 52.57351409506247], [13.574690881596513, 52.57385135245539], [13.574690881596513, 52.57378390097681], [13.574825454183, 52.57378390097681], [13.574892740476242, 52.5738176267161], [13.574960026769485, 52.5738176267161], [13.575094599355973, 52.57378390097681], [13.576978615566786, 52.572907031755214], [13.577651478499218, 52.57152427644423], [13.577920623672192, 52.57111956757272], [13.58155408350733, 52.57111956757272], [13.58155408350733, 52.57105211609414], [13.581621369800573, 52.570950938876265], [13.581621369800573, 52.57088348739768], [13.581688656093815, 52.5707823101798], [13.581755942387058, 52.57074858444051], [13.581755942387058, 52.57064740722263], [13.581823228680303, 52.57057995574405], [13.581890514973546, 52.57054623000476], [13.581890514973546, 52.57047877852617], [13.581957801266789, 52.570343875569], [13.582092373853275, 52.570175246872545], [13.582092373853275, 52.57010779539396], [13.582226946439762, 52.56997289243679], [13.582226946439762, 52.56980426374033], [13.582361519026248, 52.569635635043866], [13.582428805319491, 52.56953445782599], [13.582496091612736, 52.56939955486882], [13.582563377905979, 52.569298377650945], [13.582563377905979, 52.56919720043307], [13.582832523078952, 52.56882621730085], [13.582967095665438, 52.56859013712581], [13.582899809372195, 52.568522685647224], [13.582967095665438, 52.568421508429346], [13.583034381958681, 52.56832033121147], [13.583101668251924, 52.56828660547218], [13.583101668251924, 52.568219153993596], [13.583168954545169, 52.5681854282543], [13.583168954545169, 52.568084251036424], [13.583236240838412, 52.56791562233996], [13.583303527131655, 52.56784817086138], [13.583303527131655, 52.56781444512209], [13.583370813424898, 52.56771326790421], [13.583370813424898, 52.56767954216492], [13.583438099718142, 52.56737601051129], [13.583438099718142, 52.56673522146474], [13.583168954545169, 52.566229335375354], [13.583168954545169, 52.5660269809396], [13.583168954545169, 52.56582462650385], [13.583236240838412, 52.5655885463288], [13.583236240838412, 52.56552109485022], [13.583236240838412, 52.56545364337163], [13.583168954545169, 52.565352466153755], [13.583168954545169, 52.56528501467517], [13.583168954545169, 52.56521756319658], [13.583303527131655, 52.56484658006437], [13.583438099718142, 52.564576774150034], [13.583572672304628, 52.56440814545358], [13.583639958597871, 52.564273242496405], [13.583707244891114, 52.564138339539234], [13.583841817477602, 52.563935985103484], [13.583909103770845, 52.56376735640702], [13.583976390064088, 52.56366617918914], [13.583909103770845, 52.56359872771056], [13.583841817477602, 52.563396373274806], [13.583774531184359, 52.56302539014259], [13.583841817477602, 52.56282303570684], [13.583841817477602, 52.56258695553179], [13.583841817477602, 52.562519504053206], [13.58404367635733, 52.561979892224535], [13.584245535237061, 52.561541457613735], [13.584312821530304, 52.5612716516994], [13.584380107823547, 52.56113674874223], [13.584447394116792, 52.56056341117426], [13.584447394116792, 52.56025987952063], [13.584447394116792, 52.55985517064912], [13.58464925299652, 52.55938301029903], [13.584716539289763, 52.55928183308116], [13.585052970755982, 52.558910849948944], [13.58565854739517, 52.558472415338144], [13.585725833688414, 52.55840496385956], [13.586129551447874, 52.558033980727345], [13.586331410327602, 52.55783162629159], [13.58646598291409, 52.55769672333442], [13.586600555500576, 52.55742691742009], [13.586667841793819, 52.557157111505745], [13.58686970067355, 52.556718676894945], [13.587340704726254, 52.55621279080557], [13.58747527731274, 52.555942984891225], [13.58747527731274, 52.55580808193406], [13.587609849899225, 52.555639453237596], [13.587609849899225, 52.55523474436609], [13.58767713619247, 52.555099841408925], [13.587744422485713, 52.55489748697317], [13.587744422485713, 52.554728858276704], [13.587744422485713, 52.55459395531954], [13.587744422485713, 52.55435787514449], [13.587744422485713, 52.5539194405337], [13.587811708778956, 52.55341355444431], [13.587744422485713, 52.55331237722643], [13.58767713619247, 52.553143748529976], [13.58767713619247, 52.55307629705139], [13.58767713619247, 52.552907668354926], [13.587542563605982, 52.552570410962005], [13.58747527731274, 52.552435508004834], [13.587340704726254, 52.55233433078696], [13.587273418433009, 52.55226687930838], [13.587206132139766, 52.55203079913333], [13.587138845846523, 52.551929621915455], [13.587004273260037, 52.551794718958284], [13.586936986966792, 52.5517272674797], [13.586936986966792, 52.55165981600111], [13.586936986966792, 52.55162609026182], [13.586936986966792, 52.55132255860819], [13.586936986966792, 52.551255107129606], [13.586936986966792, 52.55118765565103], [13.586936986966792, 52.55108647843315], [13.586667841793819, 52.55058059234376], [13.586600555500576, 52.550479415125885], [13.586533269207333, 52.55024333495084], [13.586398696620847, 52.5500072547758], [13.586398696620847, 52.54997352903651], [13.586398696620847, 52.549939803297214], [13.586398696620847, 52.54977117460075], [13.586533269207333, 52.54977117460075], [13.587407991019496, 52.54946764294712], [13.58767713619247, 52.549400191468536], [13.589090148350579, 52.54916411129349], [13.592723608185716, 52.54855704798623], [13.593060039651933, 52.54852332224694], [13.595684205088421, 52.54805116189685], [13.598712088284369, 52.547545275807465], [13.59911580604383, 52.54747782432888], [13.601807257773562, 52.54703938971808], [13.6034221288114, 52.546769583803744], [13.60402770545059, 52.546668406585866], [13.605508003901942, 52.54639860067153], [13.60624815312762, 52.54629742345365], [13.61055447589519, 52.545555457189224], [13.613649645384381, 52.54504957109984], [13.61869611737763, 52.54420642761754], [13.620109129535738, 52.54410525039966], [13.623338871611416, 52.54380171874603], [13.623473444197904, 52.54380171874603], [13.625357460408715, 52.54366681578886], [13.626097609634392, 52.543599364310275], [13.633970105943858, 52.54285739804585], [13.634373823703317, 52.542823672306554], [13.634710255169534, 52.5426550436101], [13.635450404395211, 52.542317786217176], [13.635584976981697, 52.54228406047788], [13.636325126207373, 52.5422166089993], [13.636930702846563, 52.54225033473859], [13.637199848019536, 52.54225033473859], [13.637536279485753, 52.54127228829911], [13.637670852072239, 52.54093503090619], [13.637401706899265, 52.540665224991855], [13.637132561726293, 52.54039541907751], [13.636392412500616, 52.539653452813084], [13.63625783991413, 52.539586001334506], [13.635786835861428, 52.53904638950583], [13.635517690688454, 52.538810309330785], [13.634979400342507, 52.5383044232414], [13.634912114049264, 52.538236971762814], [13.634777541462777, 52.53827069750211], [13.634575682583048, 52.537933440109185], [13.634508396289805, 52.537933440109185], [13.634373823703317, 52.537933440109185], [13.634373823703317, 52.53796716584848], [13.634171964823588, 52.538034617327064], [13.633970105943858, 52.53766363419485], [13.633835533357372, 52.53766363419485], [13.633768247064127, 52.537697359934135], [13.633364529304668, 52.53783226289131], [13.633229956718182, 52.53783226289131], [13.633162670424937, 52.53783226289131], [13.633162670424937, 52.537798537152014], [13.632826238958721, 52.537798537152014], [13.631615085680343, 52.53800089158777], [13.630874936454665, 52.537798537152014], [13.630673077574937, 52.53766363419485], [13.630605791281694, 52.53762990845556], [13.628990920243854, 52.537933440109185], [13.628856347657367, 52.53796716584848], [13.628587202484393, 52.53776481141272], [13.628452629897907, 52.53766363419485], [13.628385343604664, 52.53762990845556], [13.628250771018177, 52.53756245697697], [13.628048912138448, 52.53752873123768], [13.627981625845205, 52.53752873123768], [13.62791433955196, 52.53752873123768], [13.627510621792501, 52.537495005498386], [13.627106904033042, 52.53756245697697], [13.626905045153311, 52.537596182716264], [13.626703186273582, 52.53762990845556], [13.626568613687095, 52.53762990845556], [13.626366754807366, 52.53766363419485], [13.626299468514121, 52.53766363419485], [13.625963037047905, 52.53776481141272], [13.625761178168176, 52.53776481141272], [13.625492032995203, 52.53783226289131], [13.625357460408715, 52.5378659886306], [13.625155601528986, 52.537933440109185], [13.625021028942498, 52.53800089158777], [13.624886456356013, 52.538034617327064], [13.62481917006277, 52.53810206880564], [13.625021028942498, 52.53725892532334], [13.625357460408715, 52.535842444273065], [13.625559319288445, 52.534763220615716], [13.625761178168176, 52.53405498009058], [13.62542474670196, 52.533886351394116], [13.62481917006277, 52.53358281974049], [13.624953742649256, 52.5330769336511], [13.625088315235743, 52.53240241886526], [13.625155601528986, 52.53230124164738], [13.625222887822229, 52.53193025851517], [13.625357460408715, 52.531390646686496], [13.62542474670196, 52.53122201799003], [13.625492032995203, 52.53101966355428], [13.625492032995203, 52.530918486336404], [13.625693891874931, 52.530176520071976], [13.625828464461419, 52.530277697289854], [13.62603032334115, 52.53041260024702], [13.626770472566825, 52.53010906859339], [13.626770472566825, 52.530176520071976], [13.627106904033042, 52.530176520071976], [13.62932735171007, 52.530378874507726], [13.62973106946953, 52.53041260024702], [13.630673077574937, 52.5305137774649], [13.630874936454665, 52.5305137774649], [13.6315477993871, 52.53058122894348], [13.632086089733045, 52.53054750320419], [13.632893525251966, 52.5305137774649], [13.633028097838451, 52.5305137774649], [13.634373823703317, 52.530480051725604], [13.635584976981697, 52.530480051725604], [13.63585412215467, 52.530480051725604], [13.636594271380346, 52.5305137774649], [13.636728843966832, 52.5305137774649], [13.638209142418185, 52.530480051725604], [13.638545573884402, 52.530480051725604], [13.638882005350618, 52.530480051725604], [13.639420295696565, 52.53044632598631], [13.640631448974943, 52.53041260024702], [13.641708029666837, 52.53031142302914], [13.642650037772244, 52.53010906859339], [13.642717324065487, 52.53010906859339], [13.642919182945217, 52.530041617114804], [13.64298646923846, 52.530041617114804], [13.643659332170893, 52.52987298841835], [13.644063049930352, 52.52987298841835], [13.6446013402763, 52.529839262679054], [13.644870485449271, 52.52980553693976], [13.645476062088461, 52.529738085461176], [13.646283497607381, 52.52967063398259], [13.646821787953328, 52.52967063398259], [13.647023646833057, 52.52967063398259], [13.648571231577654, 52.5296369082433], [13.649580525976303, 52.52970435972188], [13.649715098562789, 52.529738085461176], [13.650993538134411, 52.52980553693976], [13.651531828480358, 52.52980553693976], [13.651800973653332, 52.52980553693976], [13.652204691412791, 52.52980553693976], [13.652742981758738, 52.52977181120047], [13.653146699518198, 52.52977181120047], [13.654088707623604, 52.52980553693976], [13.654626997969551, 52.52980553693976], [13.655299860901984, 52.52980553693976], [13.655569006074955, 52.529839262679054], [13.656914731939821, 52.529839262679054], [13.657049304526309, 52.52943455380755], [13.657183877112795, 52.528962393457455], [13.657318449699282, 52.52849023310736], [13.657587594872256, 52.527748266842934], [13.657654881165499, 52.52757963814648], [13.657991312631715, 52.526803946142756], [13.658125885218201, 52.52639923727125], [13.658193171511444, 52.52626433431408], [13.658395030391175, 52.52612943135691], [13.658529602977662, 52.52596080266045], [13.656982018233066, 52.52505020769956], [13.656780159353335, 52.524915304742386], [13.655770864954686, 52.524274515695836], [13.655569006074955, 52.52417333847796], [13.655299860901984, 52.524038435520794], [13.655165288315496, 52.5240047097815], [13.65503071572901, 52.523937258302915], [13.653954135037116, 52.523498823692115], [13.651800973653332, 52.522621954470516], [13.651666401066844, 52.52255450299194], [13.650455247788466, 52.52204861690255], [13.648773090457382, 52.52137410211671], [13.648571231577654, 52.52127292489883], [13.647965654938464, 52.52103684472378], [13.647158219419545, 52.52073331307015], [13.6470909331263, 52.52069958733086], [13.646956360539814, 52.520632135852274], [13.645677920968192, 52.52002507254502], [13.644870485449271, 52.5196540894128], [13.644197622516838, 52.519350557759175], [13.644063049930352, 52.51928310628059], [13.642448178892513, 52.51854114001616], [13.641438884493864, 52.51790035096961], [13.640227731215484, 52.51712465896589], [13.640093158628998, 52.51698975600872], [13.639622154576294, 52.51668622435509], [13.639420295696565, 52.51651759565863], [13.638882005350618, 52.516214064005], [13.638007283538455, 52.51567445217632], [13.637401706899265, 52.515303469044106], [13.637334420606022, 52.51526974330481], [13.637065275433049, 52.51513484034765], [13.636594271380346, 52.51479758295473], [13.636392412500616, 52.514662679997556], [13.635786835861428, 52.51422424538676], [13.635450404395211, 52.51392071373313], [13.635383118101966, 52.51385326225454], [13.635181259222238, 52.51368463355808], [13.634575682583048, 52.5131787474687], [13.634171964823588, 52.51284149007578], [13.633700960770884, 52.51233560398639], [13.63343181559791, 52.512032072332765], [13.633162670424937, 52.511694814939844], [13.633028097838451, 52.51152618624338], [13.632691666372235, 52.51112147737187], [13.632287948612776, 52.51064931702178], [13.632086089733045, 52.51031205962886], [13.631816944560072, 52.509941076496645], [13.631211367920882, 52.50909793301434], [13.631009509041153, 52.50879440136071], [13.630605791281694, 52.50822106379274], [13.63033664610872, 52.50788380639982], [13.630269359815477, 52.50774890344265], [13.629663783176287, 52.50697321143893], [13.6295292105898, 52.50670340552459], [13.629192779123583, 52.50616379369592], [13.62892363395061, 52.505556730388655], [13.628721775070881, 52.505219472995734], [13.628385343604664, 52.504275152295556], [13.628116198431691, 52.50353318603113], [13.628116198431691, 52.50346573455254], [13.628116198431691, 52.503398283073956], [13.628048912138448, 52.503263380116785], [13.627645194378989, 52.5019143505451], [13.627174190326285, 52.50036296653766], [13.627039617739799, 52.499890806187565], [13.627039617739799, 52.4997221774911], [13.626770472566825, 52.49908138844455], [13.626366754807366, 52.49810334200508], [13.625963037047905, 52.497462552958524], [13.625761178168176, 52.49705784408702], [13.625155601528986, 52.49611352338684], [13.62441545230331, 52.49503429972948], [13.62401173454385, 52.494224881986476], [13.62401173454385, 52.49419115624718], [13.625357460408715, 52.49375272163638], [13.625828464461419, 52.49361781867921], [13.626837758860068, 52.49341546424346], [13.627510621792501, 52.493314287025584], [13.62973106946953, 52.49304448111125], [13.629596496883043, 52.49290957815408], [13.628856347657367, 52.49230251484682], [13.627981625845205, 52.49159427432168], [13.627241476619528, 52.49098721101442], [13.625828464461419, 52.48980681013919], [13.625626605581688, 52.48967190718202], [13.625290174115472, 52.48936837552839], [13.625155601528986, 52.48923347257122], [13.62441545230331, 52.488626409263965], [13.623540730491147, 52.48791816873883], [13.623137012731688, 52.4876146370852], [13.6230024401452, 52.48747973412803], [13.621320282814118, 52.48609697881705], [13.620512847295199, 52.4854224640312], [13.620378274708711, 52.48532128681333], [13.619839984362766, 52.48484912646324], [13.618426972204656, 52.483702451327304], [13.61829239961817, 52.483601274109425], [13.617552250392492, 52.482960485062875], [13.61687938746006, 52.482387147494904], [13.616341097114114, 52.481948712884105], [13.61526451642222, 52.48103811792322], [13.614995371249249, 52.48083576348746], [13.614928084956004, 52.48076831200888], [13.614860798662761, 52.480734586269584], [13.614591653489788, 52.47968908835153], [13.614120649437085, 52.47776672121187], [13.614053363143842, 52.4776318182547], [13.613918790557355, 52.47709220642603], [13.613716931677626, 52.4763502401616], [13.613716931677626, 52.47621533720443], [13.613582359091138, 52.475844354072215], [13.613582359091138, 52.47560827389717], [13.614457080903302, 52.47547337094], [13.614726226076275, 52.475405919461416], [13.614860798662761, 52.475405919461416], [13.614928084956004, 52.47537219372212], [13.615466375301951, 52.47530474224354], [13.615735520474924, 52.47516983928637], [13.61587009306141, 52.47510238780779], [13.6164756697006, 52.47483258189345], [13.616273810820871, 52.47466395319699], [13.616004665647898, 52.474427873021945], [13.615129943835734, 52.47368590675752], [13.614524367196545, 52.47324747214672], [13.613313213918165, 52.472235699967946], [13.613178641331679, 52.472134522750075], [13.612303919519515, 52.47139255648564], [13.61216934693303, 52.47129137926777], [13.61136191141411, 52.47065059022121], [13.611496484000597, 52.47061686448192], [13.611631056587083, 52.47061686448192], [13.612102060639787, 52.47051568726405], [13.612707637278977, 52.47041451004617], [13.613515072797895, 52.470245881349705], [13.615062657542492, 52.46970626952103], [13.617148532633033, 52.47119020204989], [13.61768682297898, 52.47108902483201], [13.621185710227632, 52.47044823578546], [13.621185710227632, 52.470245881349705], [13.621118423934387, 52.470245881349705], [13.621051137641144, 52.46953764082457], [13.621051137641144, 52.46849214290651], [13.621925859453308, 52.46849214290651], [13.621925859453308, 52.468390965688634], [13.62199314574655, 52.46805370829571], [13.62199314574655, 52.46785135385996], [13.62199314574655, 52.46758154794562], [13.62199314574655, 52.467210564813406], [13.621925859453308, 52.46700821037766], [13.621724000573577, 52.4668058559419], [13.62138756910736, 52.46663722724544], [13.622262290919524, 52.466536050027564], [13.622733294972226, 52.46646859854898], [13.622935153851957, 52.466536050027564], [13.623069726438443, 52.46660350150615], [13.623271585318173, 52.466670952984735], [13.62340615790466, 52.46670467872403], [13.62320429902493, 52.46690703315978], [13.6230024401452, 52.46707566185624], [13.6230024401452, 52.46714311333482], [13.6230024401452, 52.467210564813406], [13.623069726438443, 52.46734546777058], [13.623069726438443, 52.46741291924916], [13.6230024401452, 52.46748037072775], [13.622867867558714, 52.46758154794562], [13.622733294972226, 52.46771645090279], [13.622666008678983, 52.46778390238138], [13.622666008678983, 52.46781762812067], [13.622733294972226, 52.46781762812067], [13.622733294972226, 52.46785135385996], [13.622800581265471, 52.46785135385996], [13.622867867558714, 52.467885079599256], [13.622935153851957, 52.467885079599256], [13.622935153851957, 52.46791880533854], [13.622733294972226, 52.46801998255642], [13.62259872238574, 52.46805370829571], [13.622666008678983, 52.46815488551359], [13.622666008678983, 52.468188611252884], [13.622733294972226, 52.468289788470756], [13.622800581265471, 52.46832351421005], [13.622867867558714, 52.46849214290651], [13.622867867558714, 52.46869449734226], [13.622935153851957, 52.46879567456014], [13.623944448250606, 52.46876194882085], [13.625222887822229, 52.468728223081555], [13.625155601528986, 52.46889685177802], [13.624684597476282, 52.46906548047448], [13.62481917006277, 52.47014470413183], [13.62481917006277, 52.47021215561042], [13.624953742649256, 52.47119020204989], [13.625088315235743, 52.47193216831432], [13.625222887822229, 52.47284276327521], [13.625357460408715, 52.47358472953964], [13.625357460408715, 52.47368590675752], [13.626837758860068, 52.47361845527893], [13.628183484724934, 52.473551003800345], [13.62912549283034, 52.47395571267185], [13.629461924296557, 52.474090615629024], [13.629663783176287, 52.47422551858619], [13.63013478722899, 52.474529050239816], [13.631009509041153, 52.4750349363292], [13.632287948612776, 52.47530474224354], [13.634710255169534, 52.47581062833292], [13.636123267327644, 52.476147885725844], [13.637199848019536, 52.47655259459735], [13.638343715004671, 52.47702475494744], [13.639824013456025, 52.4776318182547], [13.641102453027647, 52.47810397860479], [13.642582751478999, 52.47871104191206], [13.643188328118189, 52.479216928001435], [13.643255614411434, 52.479216928001435], [13.643457473291162, 52.47918320226214], [13.644130336223595, 52.47908202504427], [13.644803199156028, 52.47898084782639], [13.645745207261434, 52.478879670608514], [13.64729279200603, 52.47881221912993], [13.647561937179004, 52.47881221912993], [13.64789836864522, 52.478778493390635], [13.64830208640468, 52.47874476765135], [13.649782384856033, 52.47827260730126], [13.651060824427656, 52.47786789842975], [13.652339263999277, 52.47746318955824], [13.653415844691171, 52.477159657904615], [13.654021421330361, 52.47702475494744], [13.654626997969551, 52.47685612625098], [13.65543443348847, 52.47665377181523], [13.65604001012766, 52.476383965900894], [13.656847445646578, 52.47597925702939], [13.658395030391175, 52.47500121058991], [13.659471611083067, 52.47466395319699], [13.65994261513577, 52.474529050239816], [13.661490199880367, 52.47405688988973], [13.662634066865502, 52.473753358236095], [13.663777933850639, 52.473652181018224], [13.664316224196584, 52.47368590675752], [13.6646526556628, 52.47378708397539], [13.665729236354695, 52.47395571267185], [13.666603958166856, 52.4741580671076], [13.66707496221956, 52.47425924432548], [13.667209534806046, 52.474292970064774], [13.667344107392534, 52.473854535453974], [13.667545966272263, 52.473753358236095], [13.668958978430373, 52.47344982658247], [13.669497268776318, 52.47328119788601], [13.670102845415508, 52.47307884345025], [13.670641135761455, 52.47280903753592], [13.671583143866862, 52.47226942570724], [13.672525151972266, 52.47183099109644], [13.67339987378443, 52.47139255648564], [13.675216603702, 52.47065059022121], [13.676427756980377, 52.47000980117466], [13.676966047326324, 52.46980744673891], [13.677504337672271, 52.469605092303155], [13.678109914311461, 52.469402737867405], [13.678580918364164, 52.469267834910234], [13.678648204657406, 52.46923410917094], [13.678850063537137, 52.46906548047448], [13.678984636123623, 52.46893057751731], [13.679388353883084, 52.468525868645806], [13.680195789402003, 52.46781762812067], [13.68073407974795, 52.46741291924916], [13.681003224920923, 52.4672442905527], [13.681676087853356, 52.4668058559419], [13.682752668545248, 52.46606388967747], [13.683963821823628, 52.46576035802384], [13.685107688808763, 52.46549055210951], [13.685713265447953, 52.46532192341304], [13.686587987260117, 52.46511956897729], [13.687193563899307, 52.465085843238], [13.688404717177685, 52.465018391759415], [13.689817729335795, 52.465018391759415], [13.69096159632093, 52.46474858584508], [13.692509181065526, 52.46454623140932], [13.694124052103366, 52.46441132845216], [13.6952679190885, 52.4642089740164], [13.695469777968231, 52.46417524827711], [13.695335205381745, 52.46400661958065], [13.695604350554717, 52.46400661958065], [13.695671636847962, 52.463939168102065], [13.695738923141205, 52.463804265144894], [13.695940782020934, 52.463500733491266], [13.69647907236688, 52.46259013853037], [13.696748217539854, 52.46218542965887], [13.69708464900607, 52.46174699504807], [13.697286507885801, 52.46110620600152], [13.69748836676553, 52.46066777139072], [13.697555653058775, 52.46046541695497], [13.697555653058775, 52.46036423973709], [13.697555653058775, 52.460330513997796], [13.697555653058775, 52.46026306251921], [13.697555653058775, 52.46022933677992], [13.697622939352017, 52.45979090216912], [13.697622939352017, 52.45975717642983], [13.697622939352017, 52.45931874181903], [13.69769022564526, 52.45850932407602], [13.697757511938503, 52.45844187259743], [13.697757511938503, 52.45837442111885], [13.698026657111477, 52.458037163725926], [13.698026657111477, 52.45800343798663], [13.698430374870936, 52.45739637467938], [13.698497661164179, 52.4572951974615], [13.69869952004391, 52.456485779718484], [13.698564947457424, 52.45587871641123], [13.698564947457424, 52.45564263623618], [13.698564947457424, 52.455608910496885], [13.698430374870936, 52.45537283032184], [13.698363088577693, 52.455271653103964], [13.699035951510126, 52.455170475886085], [13.700247104788506, 52.45500184718963], [13.701323685480398, 52.45486694423246], [13.701525544360129, 52.45486694423246], [13.701727403239857, 52.45486694423246], [13.702871270224994, 52.45486694423246], [13.703140415397968, 52.454833218493164], [13.70462071384932, 52.45476576701458], [13.70522629048851, 52.455608910496885], [13.70542814936824, 52.45695794006858], [13.705495435661483, 52.45709284302574], [13.705562721954726, 52.457699906333005], [13.705495435661483, 52.45840814685814], [13.705495435661483, 52.458779129990354], [13.70542814936824, 52.45918383886186], [13.705293576781752, 52.459655999211954], [13.70522629048851, 52.459858353647704], [13.704755286435807, 52.45992580512629], [13.704082423503374, 52.459993256604875], [13.703342274277697, 52.46006070808346], [13.703140415397968, 52.46046541695497], [13.702938556518237, 52.4611736574801], [13.702803983931751, 52.46225288113745], [13.702534838758778, 52.46329837905551], [13.702332979879047, 52.4637705394056], [13.702063834706074, 52.464377602712865], [13.701996548412831, 52.46451250567003], [13.701323685480398, 52.465355649152336], [13.700650822547965, 52.46616506689535], [13.700583536254722, 52.46629996985252], [13.699103237803369, 52.468289788470756], [13.700045245908775, 52.46825606273147], [13.701256399187155, 52.46822233699218], [13.701525544360129, 52.46791880533854], [13.701929262119588, 52.46754782220633], [13.702467552465535, 52.467210564813406], [13.703544133157427, 52.46660350150615], [13.703745992037156, 52.46650232428827], [13.70482257272905, 52.46603016393818], [13.705697294541213, 52.46555800358809], [13.706639302646618, 52.46518702045587], [13.707850455924998, 52.46474858584508], [13.711416629466893, 52.4633321047948], [13.71155120205338, 52.46329837905551], [13.712224064985813, 52.463163476098345], [13.713367931970948, 52.46299484740188], [13.713838936023652, 52.46302857314117], [13.714713657835814, 52.46302857314117], [13.715992097407437, 52.462927395923295], [13.716193956287167, 52.462488961312495], [13.71706867809933, 52.461308560437274], [13.717606968445276, 52.46053286843355], [13.717674254738519, 52.460431691215675], [13.717741541031764, 52.46036423973709], [13.71848169025744, 52.4594536447762], [13.718952694310142, 52.458914032947526], [13.719423698362846, 52.45820579242239], [13.719558270949332, 52.458037163725926], [13.71969284353582, 52.45786853502946], [13.72056756534798, 52.45675558563282], [13.72238429526555, 52.455507733279006], [13.722451581558794, 52.45544028180043], [13.722518867852036, 52.45537283032184], [13.72258615414528, 52.45533910458255], [13.723124444491226, 52.454968121450335], [13.725748609927715, 52.453113205789265], [13.727161622085825, 52.45213515934979], [13.729045638296636, 52.4507861297781], [13.731400658560153, 52.45051632386376], [13.73173709002637, 52.45044887238518], [13.732679098131776, 52.4503476951673], [13.733419247357451, 52.45055004960305], [13.734361255462858, 52.45075240403881], [13.73483225951556, 52.45065122682093], [13.735572408741236, 52.45061750108164], [13.73563969503448, 52.450246517949424], [13.7364471305534, 52.4499092605565], [13.737187279779075, 52.449808083338624], [13.737590997538536, 52.44967318038146], [13.737792856418265, 52.44963945464217], [13.737860142711508, 52.44963945464217], [13.74075345332097, 52.44930219724924], [13.741628175133133, 52.449167294292074], [13.742368324358809, 52.4490323913349], [13.743310332464215, 52.448931214117025], [13.743983195396648, 52.449066117074196], [13.744454199449352, 52.449167294292074], [13.744790630915569, 52.44923474577066], [13.745463493848002, 52.44909984281349], [13.74647278824665, 52.448931214117025], [13.746741933419624, 52.44889748837774], [13.746809219712867, 52.44889748837774], [13.748356804457464, 52.448728859681275], [13.749231526269625, 52.44866140820269], [13.749500671442599, 52.4485939567241], [13.749904389202058, 52.44845905376694], [13.750240820668274, 52.44832415080977], [13.751384687653411, 52.448088070634725], [13.751519260239897, 52.448088070634725], [13.751855691706115, 52.44802061915614], [13.752595840931791, 52.447851990459675], [13.753268703864224, 52.44768336176322], [13.753470562743953, 52.44758218454534], [13.75380699421017, 52.44744728158817], [13.754143425676386, 52.44717747567383], [13.754883574902063, 52.44667158958445], [13.75501814748855, 52.44653668662728], [13.755354578954766, 52.445997074798605], [13.755892869300713, 52.44609825201648], [13.75643115964666, 52.44616570349507], [13.756094728180443, 52.44572726888427], [13.754950861195306, 52.444142159137535], [13.754345284556116, 52.443265289915935], [13.754479857142604, 52.443265289915935], [13.75461442972909, 52.44323156417664], [13.75481628860882, 52.44319783843735], [13.755691010420982, 52.443130386958764], [13.756767591112876, 52.4429954840016], [13.756834877406119, 52.4429954840016], [13.757104022579092, 52.44296175826231], [13.756834877406119, 52.44245587217292], [13.756498445939902, 52.44157900295132], [13.75582558300747, 52.43982526450813], [13.755489151541253, 52.43894839528653], [13.755287292661523, 52.43840878345786], [13.757440454045309, 52.4382064290221], [13.760939341293959, 52.43786917162918], [13.76114120017369, 52.43770054293272], [13.761006627587204, 52.437363285539796], [13.760670196120987, 52.43699230240758], [13.76033376465477, 52.43665504501466], [13.760064619481797, 52.43631778762174], [13.759997333188554, 52.43621661040386], [13.759997333188554, 52.43618288466457], [13.759862760602067, 52.43618288466457], [13.754681716022333, 52.43665504501466], [13.754479857142604, 52.43668877075395], [13.754681716022333, 52.43722838258263], [13.755085433781792, 52.43830760623998], [13.755085433781792, 52.43847623493644], [13.75522000636828, 52.43874604085078], [13.755623724127739, 52.43985899024742], [13.756296587060172, 52.441612728690615], [13.750509965841248, 52.44147782573345], [13.74869323592368, 52.440533505033265], [13.746540074539894, 52.43935310415804], [13.745396207554759, 52.43874604085078], [13.744117767983136, 52.438105251804224], [13.744050481689893, 52.43807152606493], [13.743579477637189, 52.436149158925275], [13.743579477637189, 52.4360817074467], [13.743243046170972, 52.43469895213571], [13.743310332464215, 52.43466522639642], [13.742906614704756, 52.43294521369252], [13.742704755825025, 52.43297893943181], [13.742031892892593, 52.433012665171105], [13.741157171080431, 52.433080116649684], [13.74034973556151, 52.43314756812827], [13.739273154869618, 52.43318129386756], [13.738263860470969, 52.43328247108544], [13.738263860470969, 52.43324874534615], [13.738196574177724, 52.43294521369252], [13.737389138658806, 52.43304639091039], [13.736177985380426, 52.43318129386756], [13.73523597727502, 52.43324874534615], [13.73422668287637, 52.43334992256403], [13.734092110289884, 52.43338364830332], [13.733351961064209, 52.43348482552119], [13.732544525545288, 52.43361972847836], [13.731400658560153, 52.433788357174826], [13.729853073815557, 52.43422679178562], [13.728978352003393, 52.43449659769996], [13.72810363019123, 52.43480012935359], [13.727430767258797, 52.43503620952863], [13.726556045446635, 52.43540719266085], [13.725546751047986, 52.43591307875023], [13.72440288406285, 52.4364864163182], [13.723730021130416, 52.43678994797183], [13.72278801302501, 52.43712720536475], [13.72278801302501, 52.436823673711125], [13.722922585611496, 52.43678994797183], [13.723460875957443, 52.43655386779678], [13.724133738889876, 52.436284061882446], [13.72521031958177, 52.43571072431448], [13.726286900273662, 52.435171112485804], [13.727228908379068, 52.43480012935359], [13.727901771311501, 52.43456404917855], [13.728776493123664, 52.43426051752491], [13.729718501229069, 52.433990711610576], [13.730660509334475, 52.43372090569624], [13.731266085973665, 52.43358600273907], [13.731669803733125, 52.433518551260484], [13.731804376319612, 52.43348482552119], [13.732409952958802, 52.43338364830332], [13.732880957011504, 52.43328247108544], [13.733217388477721, 52.433215019606855], [13.734159396583127, 52.43311384238898], [13.735101404688534, 52.43297893943181], [13.736110699087183, 52.43291148795323], [13.73725456607232, 52.432776584996056], [13.738398433057455, 52.43267540777818], [13.740080590388537, 52.43247305334243], [13.739340441162861, 52.429538914024], [13.738936723403402, 52.42886439923816], [13.739946017802051, 52.42859459332382], [13.741291743666917, 52.4282573359309], [13.74176274771962, 52.428189884452316], [13.741695461426376, 52.428054981495144], [13.741628175133133, 52.428054981495144], [13.74156088883989, 52.42798753001656], [13.741291743666917, 52.426773403402045], [13.74075345332097, 52.42640242026983], [13.739609586335835, 52.42667222618417], [13.739475013749347, 52.42643614600912], [13.738667578230428, 52.42657104896629], [13.738062001591238, 52.42667222618417], [13.737860142711508, 52.42667222618417], [13.73765828383178, 52.42670595192346], [13.737523711245291, 52.42657104896629], [13.731266085973665, 52.42060159311157], [13.731198799680422, 52.42050041589369], [13.73113151338718, 52.42050041589369], [13.731064227093936, 52.42050041589369], [13.731064227093936, 52.420432964415106], [13.731064227093936, 52.42036551293652], [13.73113151338718, 52.42026433571864], [13.731333372266908, 52.42006198128289], [13.731400658560153, 52.419859626847135], [13.731400658560153, 52.419792175368556], [13.731400658560153, 52.41975844962926], [13.731400658560153, 52.41972472388997], [13.731400658560153, 52.41955609519351], [13.731400658560153, 52.41945491797563], [13.731400658560153, 52.419320015018464], [13.731400658560153, 52.419151386322], [13.731333372266908, 52.41898275762554], [13.731064227093936, 52.41864550023262], [13.730795081920963, 52.41827451710041], [13.730727795627718, 52.41820706562182], [13.730862368214206, 52.41817333988253], [13.730660509334475, 52.41803843692536], [13.73052593674799, 52.417903533968186], [13.730458650454747, 52.417802356750315], [13.730391364161502, 52.417701179532436], [13.730391364161502, 52.41763372805385], [13.730256791575016, 52.41753255083597], [13.730256791575016, 52.41746509935739], [13.730189505281773, 52.41739764787881], [13.73012221898853, 52.41719529344305], [13.730054932695285, 52.417026664746594], [13.729987646402043, 52.41682431031084], [13.7299203601088, 52.416588230135794], [13.729785787522314, 52.416352149960744], [13.7299203601088, 52.415846263871366], [13.730189505281773, 52.41544155499986], [13.730256791575016, 52.41534037778198], [13.73052593674799, 52.41510429760694], [13.730660509334475, 52.414969394649766], [13.731064227093936, 52.41456468577826], [13.73113151338718, 52.41456468577826], [13.731333372266908, 52.41432860560322], [13.731804376319612, 52.41382271951383], [13.73234266666556, 52.41328310768515], [13.732544525545288, 52.41301330177082], [13.732948243304747, 52.4126423186386], [13.733486533650694, 52.41206898107064], [13.733890251410154, 52.4113607405455], [13.734092110289884, 52.41075367723824], [13.734361255462858, 52.41055132280248], [13.73463040063583, 52.41045014558461], [13.735706981327723, 52.410146613930976], [13.73604341279394, 52.4100791624524], [13.7364471305534, 52.40994425949523], [13.736783562019616, 52.40974190505948], [13.736850848312859, 52.40967445358089], [13.73705270719259, 52.40950582488443], [13.737590997538536, 52.40849405270566], [13.737994715297996, 52.408190521052035], [13.738129287884481, 52.40798816661628], [13.738263860470969, 52.40781953791982], [13.738667578230428, 52.40724620035185], [13.73853300564394, 52.407178748873264], [13.737927429004753, 52.40684149148034], [13.737792856418265, 52.406740314262464], [13.73765828383178, 52.40670658852317], [13.737456424952049, 52.40667286278388], [13.737389138658806, 52.40663913704459], [13.736312557966913, 52.40636933113025], [13.735572408741236, 52.406099525215915], [13.73543783615475, 52.405998347998036], [13.735101404688534, 52.40552618764794], [13.734899545808803, 52.405222655994315], [13.734764973222317, 52.40505402729786], [13.734563114342587, 52.40451441546918], [13.734495828049344, 52.404345786772716], [13.7344285417561, 52.40421088381555], [13.734159396583127, 52.40383990068334], [13.734024823996641, 52.40353636902971], [13.734092110289884, 52.40319911163678], [13.734092110289884, 52.403165385897495], [13.734092110289884, 52.40303048294032], [13.73422668287637, 52.40265949980811], [13.73422668287637, 52.402490871111645], [13.73422668287637, 52.402288516675895], [13.734293969169613, 52.40211988797943], [13.734293969169613, 52.40208616224014], [13.734159396583127, 52.40211988797943], [13.734024823996641, 52.402153613718724], [13.733957537703397, 52.40198498502227], [13.73382296511691, 52.40191753354368], [13.73362110623718, 52.401850082065096], [13.733419247357451, 52.4018163563258], [13.733284674770964, 52.40174890484722], [13.733217388477721, 52.401715179107924], [13.733351961064209, 52.40158027615076], [13.733284674770964, 52.40144537319359], [13.733082815891235, 52.40131047023642], [13.732813670718262, 52.40114184153996], [13.732611811838531, 52.40104066432208], [13.73234266666556, 52.40087203562562], [13.732208094079072, 52.400770858407746], [13.731804376319612, 52.40060222971128], [13.731669803733125, 52.4005347782327], [13.731602517439882, 52.40023124657907], [13.731535231146639, 52.40016379510048], [13.730996940800692, 52.39996144066473], [13.730324077868259, 52.399657909011104], [13.730189505281773, 52.399657909011104], [13.730054932695285, 52.399657909011104], [13.729853073815557, 52.39969163475039], [13.729785787522314, 52.39972536048968], [13.729583928642583, 52.39982653770756], [13.729583928642583, 52.399860263446854], [13.729583928642583, 52.39989398918615], [13.729583928642583, 52.40002889214332], [13.729449356056097, 52.400197520839775], [13.729382069762853, 52.400197520839775], [13.72931478346961, 52.40016379510048], [13.729180210883124, 52.40013006936119], [13.72911292458988, 52.4000963436219], [13.729045638296636, 52.4000963436219], [13.728978352003393, 52.4000963436219], [13.72891106571015, 52.40006261788261], [13.729045638296636, 52.39992771492544], [13.729045638296636, 52.399860263446854], [13.729045638296636, 52.39979281196827], [13.728843779416907, 52.399759086228975], [13.72870920683042, 52.39979281196827], [13.728440061657448, 52.399860263446854], [13.728238202777717, 52.39989398918615], [13.727632626138528, 52.400197520839775], [13.727632626138528, 52.40023124657907], [13.727430767258797, 52.40023124657907], [13.727296194672311, 52.40016379510048], [13.727228908379068, 52.39996144066473], [13.72709433579258, 52.39982653770756], [13.726825190619607, 52.39972536048968], [13.726421472860148, 52.39959045753252], [13.726286900273662, 52.399556731793226], [13.725815896220958, 52.39952300605393], [13.725614037341229, 52.399556731793226], [13.725546751047986, 52.39962418327181], [13.725412178461498, 52.39969163475039], [13.725344892168255, 52.399556731793226], [13.725075746995282, 52.39935437735747], [13.724941174408796, 52.3992532001396], [13.724873888115553, 52.39908457144313], [13.724806601822308, 52.398983394225255], [13.724739315529066, 52.39891594274667], [13.724672029235823, 52.39884849126809], [13.72440288406285, 52.3988147655288], [13.724133738889876, 52.398679862571626], [13.72399916630339, 52.39864613683233], [13.723662734837173, 52.398544959614455], [13.7233935896642, 52.398342605178705], [13.72319173078447, 52.39830887943941], [13.722922585611496, 52.39830887943941], [13.722855299318253, 52.39827515370012], [13.722720726731767, 52.39817397648224], [13.722317008972308, 52.39830887943941], [13.720769424227711, 52.398781039789505], [13.720365706468252, 52.39891594274667], [13.719894702415548, 52.39905084570384], [13.719490984656089, 52.39888221700738], [13.719221839483115, 52.3988147655288], [13.718818121723656, 52.39874731405021], [13.718548976550682, 52.39874731405021], [13.718279831377709, 52.39874731405021], [13.718010686204735, 52.3988147655288], [13.717539682152033, 52.39891594274667], [13.71747239585879, 52.39901711996455], [13.717001391806086, 52.39959045753252], [13.716934105512843, 52.399657909011104], [13.716799532926357, 52.39972536048968], [13.71585752482095, 52.39969163475039], [13.715453807061492, 52.39945555457535], [13.715117375595273, 52.39928692587889], [13.714915516715545, 52.39918574866101], [13.714646371542571, 52.399118297182426], [13.71444451266284, 52.39908457144313], [13.714108081196624, 52.39891594274667], [13.713973508610138, 52.39871358831092], [13.714040794903381, 52.39864613683233], [13.713906222316895, 52.39841005665729], [13.713771649730408, 52.39827515370012], [13.713771649730408, 52.398241427960826], [13.713569790850679, 52.39803907352508], [13.713300645677705, 52.397904170567905], [13.71316607309122, 52.39787044482861], [13.712829641625001, 52.39780299335003], [13.712695069038515, 52.39780299335003], [13.712695069038515, 52.397769267610734], [13.71256049645203, 52.39773554187145], [13.712425923865542, 52.397701816132155], [13.712089492399326, 52.39753318743569], [13.711887633519597, 52.39739828447852], [13.711753060933109, 52.39729710726065], [13.71134934317365, 52.397128478564184], [13.71094562541419, 52.39675749543197], [13.71074376653446, 52.396588866735506], [13.710474621361486, 52.396386512299756], [13.710070903602027, 52.39611670638542], [13.70973447213581, 52.39628533508188], [13.709599899549325, 52.39615043212471], [13.709263468083108, 52.39584690047108], [13.709196181789864, 52.395610820296035], [13.708859750323647, 52.39544219159957], [13.708725177737161, 52.39537474012099], [13.708657891443918, 52.3953410143817], [13.708186887391214, 52.39520611142453], [13.707850455924998, 52.39513865994594], [13.707581310752024, 52.39513865994594], [13.707244879285808, 52.39520611142453], [13.706572016353375, 52.39507120846736], [13.706235584887159, 52.39480140255302], [13.70542814936824, 52.3940257105493], [13.704553427556077, 52.39348609872062], [13.703544133157427, 52.39325001854558], [13.703342274277697, 52.39325001854558], [13.702669411345264, 52.39335119576346], [13.702534838758778, 52.39335119576346], [13.702467552465535, 52.39335119576346], [13.701861975826345, 52.39301393837054], [13.701727403239857, 52.39291276115266], [13.701189112893912, 52.39220452062752], [13.700785395134451, 52.39183353749531], [13.700448963668235, 52.3914288286238], [13.700179818495263, 52.39112529697017], [13.699843387029045, 52.391024119752295], [13.699776100735802, 52.390990394013], [13.699574241856073, 52.390889216795124], [13.6993050966831, 52.39072058809867], [13.698766806337153, 52.390585685141495], [13.698497661164179, 52.390686862359374], [13.698497661164179, 52.39109157123088], [13.698632233750667, 52.39132765140592], [13.698834092630396, 52.39139510288451], [13.699035951510126, 52.39176608601672], [13.699035951510126, 52.3918672632346], [13.698766806337153, 52.3918672632346], [13.69829580228445, 52.39173236027743], [13.69809394340472, 52.39153000584168], [13.698026657111477, 52.391361377145216], [13.697824798231746, 52.391226474188045], [13.697757511938503, 52.39109157123088], [13.697757511938503, 52.39105784549159], [13.697959370818234, 52.390889216795124], [13.697757511938503, 52.39061941088079], [13.697622939352017, 52.39048450792362], [13.69769022564526, 52.390147250530696], [13.697622939352017, 52.38997862183424], [13.69748836676553, 52.38984371887707], [13.697286507885801, 52.38974254165919], [13.696815503833097, 52.3896750901806], [13.69647907236688, 52.389371558526975], [13.696277213487152, 52.3892366555698], [13.696209927193907, 52.38913547835193], [13.696075354607421, 52.38903430113405], [13.695940782020934, 52.38896684965547], [13.695402491674988, 52.38886567243759], [13.694796915035798, 52.388393512087504], [13.694662342449313, 52.38832606060892], [13.694191338396609, 52.387853900258825], [13.693653048050663, 52.3875503686052], [13.693451189170933, 52.38744919138732], [13.693249330291202, 52.38724683695157], [13.693047471411473, 52.387078208255105], [13.692980185118229, 52.38704448251581], [13.692980185118229, 52.38701075677652], [13.692912898824986, 52.386977031037226], [13.692845612531743, 52.38694330529793], [13.692845612531743, 52.386875853819355], [13.6927783262385, 52.38680840234077], [13.692711039945257, 52.38674095086218], [13.69257646735877, 52.38670722512289], [13.692509181065526, 52.3866734993836], [13.69237460847904, 52.38660604790501], [13.692307322185796, 52.386538596426426], [13.69217274959931, 52.38647114494785], [13.692105463306067, 52.38640369346926], [13.691903604426336, 52.38626879051209], [13.69176903183985, 52.386201339033505], [13.691701745546606, 52.38613388755492], [13.691432600373634, 52.38596525885846], [13.69136531408039, 52.38593153311917], [13.691230741493904, 52.38583035590129], [13.690894310027687, 52.38562800146554], [13.690490592268228, 52.38545937276908], [13.690423305974985, 52.385425647029784], [13.69035601968174, 52.38539192129049], [13.690086874508768, 52.38529074407262], [13.68995230192228, 52.38529074407262], [13.689817729335795, 52.38525701833333], [13.689683156749307, 52.38525701833333], [13.689548584162821, 52.38525701833333], [13.689414011576334, 52.38525701833333], [13.689346725283091, 52.385223292594034], [13.689212152696605, 52.385223292594034], [13.689144866403362, 52.385223292594034], [13.689077580110117, 52.385223292594034], [13.689077580110117, 52.38518956685474], [13.689010293816875, 52.38525701833333], [13.688943007523632, 52.38529074407262], [13.688875721230389, 52.38532446981191], [13.688606576057415, 52.38549309850837], [13.688539289764172, 52.38552682424766], [13.68847200347093, 52.385560549986955], [13.688539289764172, 52.38559427572625], [13.688539289764172, 52.38562800146554], [13.68847200347093, 52.38562800146554], [13.688337430884442, 52.385762904422705], [13.688270144591199, 52.385796630162], [13.688270144591199, 52.38583035590129], [13.688270144591199, 52.385864081640584], [13.688202858297956, 52.38593153311917], [13.688135572004711, 52.38596525885846], [13.688000999418225, 52.38606643607634], [13.687933713124982, 52.38583035590129], [13.687731854245252, 52.38549309850837], [13.687664567952009, 52.3853581955512], [13.687597281658766, 52.38518956685474], [13.687328136485792, 52.385223292594034], [13.686789846139845, 52.38529074407262], [13.68665527355336, 52.38502093815828], [13.686587987260117, 52.384784857983234], [13.686318842087143, 52.38431269763314], [13.686116983207413, 52.38397544024022], [13.686184269500657, 52.38387426302234], [13.686453414673629, 52.38387426302234], [13.68665527355336, 52.38387426302234], [13.687058991312819, 52.38387426302234], [13.687193563899307, 52.3836381828473], [13.687328136485792, 52.38333465119367], [13.687597281658766, 52.383132296757914], [13.687933713124982, 52.38296366806146], [13.689750443042552, 52.383267199715085], [13.690625164854714, 52.382828765104286], [13.69156717296012, 52.38245778197207], [13.69197089071958, 52.38228915327561], [13.692441894772283, 52.382053073100565], [13.69338390287769, 52.38168208996835], [13.694258624689851, 52.381277381096844], [13.695200632795258, 52.38094012370392], [13.695940782020934, 52.38110875240038], [13.696209927193907, 52.38114247813967], [13.697353794179044, 52.38134483257543], [13.69829580228445, 52.381479735532594], [13.698363088577693, 52.381479735532594], [13.698834092630396, 52.38151346127189], [13.698834092630396, 52.38114247813967], [13.698497661164179, 52.38067031778959], [13.698430374870936, 52.38050168909312], [13.69809394340472, 52.37992835152515], [13.697757511938503, 52.37905148230356], [13.69748836676553, 52.37814088734267], [13.697219221592556, 52.37743264681753], [13.6993050966831, 52.37773617847116], [13.699439669269585, 52.37750009829612], [13.69991067332229, 52.37750009829612], [13.700381677374992, 52.37750009829612], [13.700650822547965, 52.37719656664249], [13.70051624996148, 52.37685930924956], [13.700314391081749, 52.37635342316018], [13.699977959615532, 52.37557773115646], [13.699237810389857, 52.37490321637061], [13.699170524096612, 52.37470086193486], [13.69890137892364, 52.374498507499105], [13.69890137892364, 52.374431056020526], [13.69869952004391, 52.374161250106184], [13.698632233750667, 52.37406007288831], [13.69829580228445, 52.373722815495384], [13.697959370818234, 52.373419283841756], [13.697353794179044, 52.37304830070954], [13.697017362712828, 52.37254241462016], [13.696748217539854, 52.372340060184406], [13.696411786073638, 52.37210398000936], [13.696209927193907, 52.37190162557361], [13.696209927193907, 52.371867899834314], [13.69587349572769, 52.37153064244139], [13.695738923141205, 52.371362013744935], [13.695537064261474, 52.37115965930918], [13.695469777968231, 52.371125933569886], [13.695335205381745, 52.37099103061272], [13.695066060208772, 52.370687498959086], [13.694864201329041, 52.37055259600192], [13.694729628742556, 52.37045141878404], [13.694527769862825, 52.37028279008758], [13.693922193223635, 52.36994553269466], [13.693720334343906, 52.36974317825891], [13.693249330291202, 52.36950709808386], [13.692845612531743, 52.36916984069094], [13.6927783262385, 52.36910238921235], [13.692711039945257, 52.368933760515894], [13.692711039945257, 52.368832583298015], [13.692711039945257, 52.36873140608014], [13.6927783262385, 52.36856277738368], [13.6927783262385, 52.36852905164439], [13.692980185118229, 52.36832669720863], [13.693114757704716, 52.36798943981571], [13.69257646735877, 52.367955714076416], [13.692509181065526, 52.367955714076416], [13.692105463306067, 52.36792198833712], [13.692038177012822, 52.36792198833712], [13.691836318133094, 52.36788826259784], [13.691701745546606, 52.367854536858545], [13.691298027787147, 52.36778708537996], [13.691298027787147, 52.3675847309442], [13.691432600373634, 52.36748355372633], [13.69156717296012, 52.36744982798704], [13.692105463306067, 52.367314925029866], [13.692240035892553, 52.36724747355128], [13.69217274959931, 52.36721374781199], [13.692038177012822, 52.367180022072695], [13.69197089071958, 52.36721374781199], [13.691903604426336, 52.36724747355128], [13.691499886666877, 52.367281199290574], [13.691432600373634, 52.36738237650845], [13.69096159632093, 52.3675847309442], [13.69055787856147, 52.367753359640666], [13.690288733388497, 52.36782081111925], [13.690221447095254, 52.36782081111925], [13.690019588215524, 52.367854536858545], [13.689885015629038, 52.367854536858545], [13.689683156749307, 52.36782081111925], [13.689346725283091, 52.367854536858545], [13.689279438989848, 52.367854536858545], [13.689481297869579, 52.36768590816208], [13.689548584162821, 52.36765218242279], [13.689279438989848, 52.367517279465616], [13.688943007523632, 52.367416102247745], [13.688068285711468, 52.36734865076916], [13.68726085019255, 52.367314925029866], [13.68685713243309, 52.367618456683495], [13.68665527355336, 52.36771963390137], [13.685376833981737, 52.36852905164439], [13.684905829929034, 52.36873140608014], [13.684771257342547, 52.36879885755872], [13.684300253289845, 52.36896748625519], [13.68382924923714, 52.369136114951644], [13.683358245184438, 52.36930474364811], [13.682819954838491, 52.36950709808386], [13.682147091906058, 52.36964200104103], [13.681474228973626, 52.369574549562444], [13.681406942680383, 52.36954082382315], [13.681272370093895, 52.369574549562444], [13.681137797507409, 52.369574549562444], [13.681003224920923, 52.369473372344565], [13.680801366041193, 52.369473372344565], [13.68073407974795, 52.36950709808386], [13.680464934574976, 52.369473372344565], [13.68012850310876, 52.36940592086599], [13.679993930522272, 52.36940592086599], [13.679993930522272, 52.36943964660528], [13.679657499056056, 52.36943964660528], [13.679455640176327, 52.36943964660528], [13.67932106758984, 52.369473372344565], [13.679186495003353, 52.36943964660528], [13.679051922416868, 52.3693384693874], [13.67891734983038, 52.3693384693874], [13.678379059484435, 52.36920356643023], [13.677840769138488, 52.36886630903731], [13.677571623965514, 52.368697680340844], [13.677504337672271, 52.368630228862266], [13.677437051379028, 52.36856277738368], [13.677369765085784, 52.36856277738368], [13.677235192499298, 52.36852905164439], [13.677100619912812, 52.3684616001658], [13.677100619912812, 52.368394148687216], [13.676966047326324, 52.368394148687216], [13.676898761033081, 52.36836042294792], [13.676764188446596, 52.36832669720863], [13.676629615860108, 52.368191794251466], [13.676427756980377, 52.36812434277288], [13.676293184393892, 52.368056891294295], [13.676158611807406, 52.367955714076416], [13.675889466634432, 52.36788826259784], [13.675553035168216, 52.367753359640666], [13.675418462581728, 52.36768590816208], [13.675014744822269, 52.36755100520491], [13.674947458529026, 52.367517279465616], [13.67481288594254, 52.367517279465616], [13.674678313356052, 52.36744982798704], [13.674543740769566, 52.367416102247745], [13.674409168183079, 52.36734865076916], [13.67420730930335, 52.367314925029866], [13.67400545042362, 52.36724747355128], [13.673938164130377, 52.36721374781199], [13.673870877837134, 52.36724747355128], [13.672861583438484, 52.36701139337624], [13.67239057938578, 52.36691021615836], [13.672256006799294, 52.36691021615836], [13.671852289039833, 52.36677531320119], [13.671515857573617, 52.366640410244024], [13.671381284987131, 52.36657295876544], [13.6711794261074, 52.36647178154756], [13.670910280934429, 52.36623570137252], [13.670708422054698, 52.36583099250101], [13.670439276881725, 52.36529138067233], [13.670102845415508, 52.36492039754012], [13.670035559122265, 52.36475176884366], [13.669900986535778, 52.364684317365075], [13.669497268776318, 52.36461686588649], [13.669429982483075, 52.36461686588649], [13.669362696189832, 52.364549414407904], [13.669160837310102, 52.36451568866861], [13.668891692137128, 52.36448196292932], [13.668487974377669, 52.36421215701498], [13.668353401791183, 52.364110979797104], [13.668218829204696, 52.36400980257923], [13.66808425661821, 52.36384117388277], [13.667747825151993, 52.36350391648985], [13.667545966272263, 52.36333528779338], [13.667545966272263, 52.36330156205409], [13.667142248512803, 52.36296430466117], [13.66707496221956, 52.362829401704005], [13.66687310333983, 52.36262704726825], [13.666805817046587, 52.362593321528955], [13.666738530753344, 52.3624246928325], [13.666671244460101, 52.36235724135391], [13.666603958166856, 52.36228978987533], [13.666603958166856, 52.362154886918155], [13.66646938558037, 52.361952532482405], [13.66646938558037, 52.361817629525234], [13.666402099287128, 52.36175017804665], [13.666334812993885, 52.361615275089484], [13.666334812993885, 52.36158154935019], [13.666334812993885, 52.36134546917514], [13.66626752670064, 52.361176840478684], [13.66626752670064, 52.36100821178222], [13.66626752670064, 52.36090703456435], [13.666200240407397, 52.36080585734647], [13.666132954114154, 52.36070468012859], [13.666132954114154, 52.36050232569284], [13.665998381527666, 52.36013134256063], [13.665796522647938, 52.35982781090699], [13.665729236354695, 52.35962545647124], [13.665796522647938, 52.359423102035485], [13.66586380894118, 52.359085844642564], [13.665998381527666, 52.35861368429247], [13.666065667820911, 52.358445055596015], [13.666065667820911, 52.35831015263884], [13.666200240407397, 52.3580740724638], [13.66586380894118, 52.35810779820309], [13.665527377474964, 52.35817524968168], [13.665190946008748, 52.35817524968168], [13.664921800835774, 52.35810779820309], [13.664787228249288, 52.3580740724638], [13.6646526556628, 52.358006620985215], [13.664450796783072, 52.357905443767336], [13.664181651610098, 52.35777054081017], [13.663643361264151, 52.35739955767796], [13.66317235721145, 52.35706230028503], [13.663037784624962, 52.35689367158857], [13.662835925745233, 52.35662386567424], [13.66276863945199, 52.35645523697777], [13.662701353158745, 52.35628660828131], [13.662634066865502, 52.35611797958485], [13.662432207985773, 52.355848173670516], [13.662364921692529, 52.355713270713345], [13.662432207985773, 52.35544346479901], [13.662432207985773, 52.355274836102545], [13.662701353158745, 52.355072481666795], [13.6621630628128, 52.35480267575245], [13.66196120393307, 52.3546003213167], [13.66196120393307, 52.354499144098824], [13.662230349106043, 52.35443169262024], [13.662028490226312, 52.354195612445196], [13.661893917639826, 52.354195612445196], [13.661624772466853, 52.354060709488024], [13.661422913587122, 52.35399325800944], [13.661086482120906, 52.35389208079157], [13.660884623241177, 52.353757177834396], [13.66034633289523, 52.35358854913793], [13.6601444740155, 52.35352109765935], [13.65994261513577, 52.35348737192006], [13.65974075625604, 52.35338619470218], [13.659538897376311, 52.353318743223596], [13.659471611083067, 52.35321756600572], [13.659269752203338, 52.35308266304855], [13.658933320737122, 52.35281285713421], [13.65913517961685, 52.352644228437754], [13.65913517961685, 52.352543051219875], [13.659000607030364, 52.352340696784125], [13.658395030391175, 52.35213834234837], [13.658260457804689, 52.352104616609076], [13.657924026338472, 52.35203716513049], [13.657654881165499, 52.35196971365191], [13.657520308579011, 52.351902262173326], [13.657183877112795, 52.35173363347686], [13.657116590819552, 52.3515987305197], [13.656982018233066, 52.351328924605355], [13.656982018233066, 52.35126147312677], [13.656847445646578, 52.3507218612981], [13.656847445646578, 52.35058695834093], [13.656780159353335, 52.35045205538376], [13.656780159353335, 52.35031715242659], [13.656780159353335, 52.34994616929438], [13.656780159353335, 52.34974381485862], [13.656780159353335, 52.34964263764075], [13.656780159353335, 52.349608911901456], [13.656578300473605, 52.34920420302995], [13.656376441593876, 52.34900184859419], [13.656174582714145, 52.348732042679856], [13.65604001012766, 52.34846223676552], [13.655972723834417, 52.348158705111885], [13.656174582714145, 52.34799007641543], [13.656107296420902, 52.347821447718964], [13.655972723834417, 52.34765281902251], [13.655703578661443, 52.347383013108164], [13.655569006074955, 52.34721438441171], [13.655367147195227, 52.34704575571524], [13.655165288315496, 52.34694457849737], [13.654896143142523, 52.34677594980091], [13.654492425383063, 52.34647241814728], [13.654357852796577, 52.3463712409294], [13.65422328021009, 52.34627006371152], [13.654155993916847, 52.34623633797223], [13.653954135037116, 52.346101435015065], [13.6536177035709, 52.34589908057931], [13.653483130984414, 52.34573045188285], [13.653281272104683, 52.34556182318639], [13.653146699518198, 52.34529201727205], [13.652877554345224, 52.34492103413984], [13.652742981758738, 52.344786131182666], [13.652541122879008, 52.34441514805045], [13.652473836585765, 52.34417906787541], [13.652271977706034, 52.34384181048249], [13.652137405119548, 52.34363945604673], [13.651800973653332, 52.3433359243931], [13.651531828480358, 52.34299866700018], [13.651128110720899, 52.342593958128674], [13.651128110720899, 52.34256023238938], [13.651262683307385, 52.34175081464637], [13.651666401066844, 52.3394574643745], [13.651397255893873, 52.33925510993874], [13.650926251841168, 52.33895157828511], [13.65072439296144, 52.33885040106723], [13.65011881632225, 52.33871549811007], [13.648840376750627, 52.338344514977855], [13.64870580416414, 52.338344514977855], [13.648436658991166, 52.33827706349927], [13.647763796058733, 52.33824333775998], [13.647427364592517, 52.33827706349927], [13.645879779847922, 52.338648046631484], [13.645476062088461, 52.338782949588655], [13.645206916915487, 52.33915393272087], [13.644668626569542, 52.33969354454954], [13.644466767689812, 52.33992962472459], [13.64278461035873, 52.33992962472459], [13.640833307854674, 52.34188571760354], [13.638680146470888, 52.34320102143593], [13.637199848019536, 52.34471867970408], [13.636796130260077, 52.345224565793465], [13.636325126207373, 52.3468096755402], [13.636728843966832, 52.3481249793726], [13.637805424658726, 52.34822615659047], [13.637939997245212, 52.352543051219875], [13.6380745698317, 52.35655641419565], [13.638141856124943, 52.35709602602432], [13.638209142418185, 52.35726465472079], [13.638276428711428, 52.35773681507088], [13.638545573884402, 52.35817524968168], [13.638747432764132, 52.35874858724964], [13.638478287591159, 52.35915329612115], [13.638411001297916, 52.35972663368912], [13.638680146470888, 52.3602325197785], [13.639016577937106, 52.360637228650006], [13.639083864230349, 52.36097448604293], [13.639891299749268, 52.36168272656807], [13.640227731215484, 52.36191880674311], [13.64116973932089, 52.36309920761834], [13.641708029666837, 52.36333528779338], [13.643726618464136, 52.36427960849357], [13.644735912862785, 52.36481922032224], [13.646081638727651, 52.36525765493304], [13.64668721536684, 52.365763541022424], [13.646956360539814, 52.36606707267605], [13.647158219419545, 52.36701139337624], [13.64729279200603, 52.368023165555], [13.6470909331263, 52.36852905164439], [13.646889074246571, 52.36896748625519], [13.646754501660084, 52.369574549562444], [13.646821787953328, 52.370147887130415], [13.64359204587765, 52.37045141878404], [13.643524759584405, 52.37045141878404], [13.642246320012783, 52.37075495043767], [13.642111747426297, 52.37082240191626], [13.64217903371954, 52.37088985339484], [13.642515465185756, 52.371429465223514], [13.642851896651973, 52.37257614035945], [13.642851896651973, 52.37375654123468], [13.642851896651973, 52.37412752436689], [13.642851896651973, 52.374734587674155], [13.642851896651973, 52.374869490631326], [13.64278461035873, 52.37524047376354], [13.642717324065487, 52.37699421220673], [13.642717324065487, 52.37733146959965], [13.642650037772244, 52.37750009829612], [13.6380745698317, 52.37689303498885], [13.636997989139806, 52.37675813203169], [13.634844827756021, 52.376454600378054], [13.633229956718182, 52.376252245942304], [13.63195151714656, 52.37763500125328], [13.631749658266829, 52.37787108142833], [13.630067500935747, 52.37969227135011], [13.62851991619115, 52.38134483257543], [13.627577908085744, 52.38100757518251], [13.626635899980338, 52.38070404352887], [13.625963037047905, 52.38043423761454], [13.625895750754662, 52.38043423761454], [13.625559319288445, 52.380299334657366], [13.625222887822229, 52.380198157439494], [13.624482738596553, 52.37992835152515], [13.623675303077633, 52.379658545610816], [13.623338871611416, 52.37952364265365], [13.622800581265471, 52.37935501395719], [13.621522141693848, 52.37891657934639], [13.620310988415469, 52.378444418996295], [13.618426972204656, 52.377803629949746], [13.61708124633979, 52.37733146959965], [13.61526451642222, 52.3767244062924], [13.614322508316814, 52.376387148899475], [13.613649645384381, 52.37618479446372], [13.612505778399246, 52.37578008559221], [13.61216934693303, 52.37564518263505], [13.610016185549243, 52.37490321637061], [13.609276036323568, 52.374633410456276], [13.607392020112755, 52.373958895670434], [13.606180866834375, 52.3736890897561], [13.605844435368159, 52.37362163827751], [13.605844435368159, 52.373722815495384], [13.60604629424789, 52.37402634714902], [13.606315439420863, 52.374498507499105], [13.606584584593836, 52.374936942109905], [13.60665187088708, 52.375071845067076], [13.606786443473565, 52.37540910246], [13.606786443473565, 52.37601616576726], [13.606517298300592, 52.37675813203169], [13.605709862781673, 52.37770245273187], [13.6054407176087, 52.37797225864621], [13.606315439420863, 52.37861304769276], [13.606382725714106, 52.378882853607095], [13.606382725714106, 52.379118933782145], [13.606382725714106, 52.37915265952143], [13.606113580541132, 52.37948991691436], [13.605979007954646, 52.3797259970894], [13.6054407176087, 52.38036678613595], [13.60483514096951, 52.38094012370392], [13.604364136916807, 52.381277381096844], [13.603691273984374, 52.38164836422906], [13.6034221288114, 52.381951895882686], [13.60322026993167, 52.382390330493486], [13.603018411051941, 52.382828765104286], [13.602547406999237, 52.383132296757914], [13.602412834412752, 52.38323347397579], [13.602009116653292, 52.38350327989013], [13.601941830360047, 52.38353700562942], [13.601672685187076, 52.38373936006518], [13.601403540014102, 52.38394171450093], [13.600999822254643, 52.384042891718806], [13.60073067708167, 52.384144068936685], [13.600461531908696, 52.38431269763314], [13.60032695932221, 52.3845150520689], [13.59972138268302, 52.384987212418984], [13.59951952380329, 52.38529074407262], [13.599384951216804, 52.38539192129049], [13.599250378630316, 52.385425647029784], [13.598981233457343, 52.38539192129049], [13.59830837052491, 52.38552682424766], [13.597164503539775, 52.38572917868341], [13.596155209141125, 52.38596525885846], [13.596020636554638, 52.386100161815634], [13.595549632501935, 52.38657232216572], [13.595347773622205, 52.386774676601476], [13.594944055862745, 52.38724683695157], [13.594876769569503, 52.3875503686052], [13.595280487328962, 52.388157431912454], [13.595280487328962, 52.388494689305375], [13.595213201035719, 52.38876449521972], [13.595011342155988, 52.38896684965547], [13.594674910689772, 52.38896684965547], [13.594338479223556, 52.388933123916175], [13.59420390663707, 52.38910175261264], [13.594069334050582, 52.38954018722344], [13.593867475170853, 52.3896750901806], [13.593665616291123, 52.389944896094946], [13.593665616291123, 52.39021470200928], [13.593665616291123, 52.39048450792362], [13.593867475170853, 52.39082176531654], [13.593867475170853, 52.39115902270946], [13.59400204775734, 52.39163118305955], [13.59420390663707, 52.392103343409644], [13.594136620343825, 52.392440600802566], [13.594069334050582, 52.392541778020444], [13.593732902584366, 52.392879035413365], [13.59339647111815, 52.39321629280629], [13.593329184824906, 52.39328374428487], [13.59299275335869, 52.39355355019921], [13.59299275335869, 52.3935872759385], [13.592858180772204, 52.39368845315638], [13.59279089447896, 52.39378963037426], [13.592723608185716, 52.39382335611355], [13.591714313787067, 52.3935872759385], [13.590637733095175, 52.39335119576346], [13.588282712831658, 52.39264295523832], [13.587811708778956, 52.39250805228115], [13.585994978861386, 52.392103343409644], [13.58525482963571, 52.39193471471318], [13.584447394116792, 52.39176608601672], [13.583841817477602, 52.391664908798845], [13.583505386011385, 52.391563731580966], [13.582899809372195, 52.391462554363095], [13.582294232733005, 52.39132765140592], [13.581688656093815, 52.391226474188045], [13.580679361695166, 52.39105784549159], [13.579602781003274, 52.390889216795124], [13.578929918070841, 52.390788039577245], [13.578391627724894, 52.390686862359374], [13.577853337378947, 52.390585685141495], [13.577180474446514, 52.39048450792362], [13.576642184100569, 52.39038333070574], [13.57563288970192, 52.390248427748574], [13.57543103082219, 52.39021470200928], [13.57502731306273, 52.39018097626999], [13.574354450130297, 52.3901135247914], [13.573143296851917, 52.38984371887707], [13.5728068653857, 52.389809993137774], [13.572268575039754, 52.3896750901806], [13.570720990295158, 52.38933783278768], [13.570519131415429, 52.38930410704839], [13.569442550723537, 52.389068026873346], [13.568029538565426, 52.38879822095901], [13.567356675632993, 52.38869704374113], [13.566885671580291, 52.388595866523254], [13.566818385287046, 52.388595866523254], [13.565741804595154, 52.38846096356608], [13.565203514249207, 52.38832606060892], [13.564665223903262, 52.38822488339104], [13.564396078730288, 52.38819115765175], [13.564126933557315, 52.38812370617316], [13.563992360970829, 52.38812370617316], [13.563723215797856, 52.38812370617316], [13.56338678433164, 52.38812370617316], [13.561839199587043, 52.388157431912454], [13.560628046308663, 52.38819115765175], [13.558945888977581, 52.38822488339104], [13.558811316391095, 52.38822488339104], [13.558340312338391, 52.38825860913033], [13.555783433195145, 52.38832606060892], [13.554908711382984, 52.38835978634821], [13.554370421037037, 52.38835978634821], [13.553966703277577, 52.388393512087504], [13.553697558104604, 52.388393512087504], [13.553361126638388, 52.3884272378268], [13.551611683014062, 52.38852841504467], [13.548785658697843, 52.388595866523254], [13.547439932832978, 52.38866331800184], [13.547036215073518, 52.38866331800184], [13.545354057742435, 52.388730769480425], [13.54441204963703, 52.38876449521972], [13.542729892305946, 52.38879822095901], [13.542057029373513, 52.388831946698296], [13.541855170493784, 52.388831946698296], [13.541720597907297, 52.388831946698296], [13.538087138072159, 52.388933123916175], [13.537212416259996, 52.388933123916175], [13.53546297263567, 52.38900057539476], [13.535126541169454, 52.38987744461636], [13.53485739599648, 52.390788039577245], [13.53485739599648, 52.390889216795124], [13.53485739599648, 52.3914288286238], [13.53485739599648, 52.39169863453814], [13.534924682289724, 52.392103343409644], [13.534991968582968, 52.39247432654186], [13.535126541169454, 52.393317470024165], [13.535126541169454, 52.393519824459915], [13.53526111375594, 52.39368845315638], [13.535395686342428, 52.39399198481001], [13.535395686342428, 52.394093162027886], [13.53546297263567, 52.394295516463636], [13.535664831515401, 52.395037482728064], [13.535732117808644, 52.395273562903114], [13.535799404101887, 52.39554336881745], [13.53586669039513, 52.39564454603533], [13.535933976688373, 52.3957794489925], [13.536001262981618, 52.395948077688956], [13.53627040815459, 52.39635278656046], [13.53627040815459, 52.396386512299756], [13.536404980741077, 52.3966225924748], [13.53647226703432, 52.39679122117126], [13.536539553327563, 52.39689239838914], [13.536606839620807, 52.397027301346306], [13.53667412591405, 52.39719593004277], [13.536337694447834, 52.39773554187145], [13.536337694447834, 52.39783671908932], [13.536943271087024, 52.39797162204649], [13.537212416259996, 52.39803907352508], [13.53707784367351, 52.398241427960826], [13.537212416259996, 52.39857868535375], [13.537414275139726, 52.39884849126809], [13.5376834203127, 52.39918574866101], [13.538154424365402, 52.399860263446854], [13.538221710658647, 52.39996144066473], [13.538423569538375, 52.400635955450575], [13.538087138072159, 52.40046732675411], [13.537817992899186, 52.40033242379695], [13.53727970255324, 52.4000963436219], [13.53707784367351, 52.399995166404025], [13.537010557380267, 52.399995166404025], [13.53687598479378, 52.39992771492544], [13.53647226703432, 52.39979281196827], [13.535597545222156, 52.399421828836054], [13.535059254876211, 52.3992532001396], [13.533848101597831, 52.39891594274667], [13.533713529011345, 52.39888221700738], [13.532906093492425, 52.39857868535375], [13.532838807199182, 52.398544959614455], [13.532569662026209, 52.39844378239658], [13.531627653920802, 52.39807279926437], [13.531223936161343, 52.397904170567905], [13.53055107322891, 52.39763436465357], [13.530080069176206, 52.39743201021781], [13.529676351416747, 52.39729710726065], [13.529407206243773, 52.39743201021781], [13.529205347364044, 52.39753318743569], [13.529138061070801, 52.39760063891428], [13.529003488484314, 52.39763436465357], [13.528330625551881, 52.39797162204649], [13.528196052965395, 52.39807279926437], [13.527792335205934, 52.398241427960826], [13.527657762619448, 52.39830887943941], [13.527186758566746, 52.398544959614455], [13.526581181927556, 52.39884849126809], [13.526379323047825, 52.39894966848596], [13.526042891581609, 52.39901711996455], [13.525841032701878, 52.39908457144313], [13.525370028649176, 52.39918574866101], [13.5246298794235, 52.39938810309676], [13.523957016491067, 52.39962418327181], [13.523149580972147, 52.39992771492544], [13.523015008385661, 52.39996144066473], [13.52281314950593, 52.40006261788261], [13.522476718039714, 52.40023124657907], [13.52220757286674, 52.40036614953624], [13.521803855107281, 52.40056850397199], [13.521265564761334, 52.40066968118987], [13.521063705881605, 52.40070340692916], [13.520861847001875, 52.40073713266845], [13.520592701828901, 52.400770858407746], [13.518977830791062, 52.40104066432208], [13.518641399324846, 52.40110811580067], [13.517161100873494, 52.40154655041147], [13.51689195570052, 52.40161400189005], [13.516488237941061, 52.40168145336863], [13.516353665354574, 52.401715179107924], [13.516017233888357, 52.40178263058651], [13.516017233888357, 52.401850082065096], [13.516017233888357, 52.40218733945802], [13.516959241993764, 52.40282812850457], [13.516622810527547, 52.40333401459395], [13.517026528287007, 52.403570094768995], [13.517564818632954, 52.40387362642263], [13.518372254151872, 52.40437951251201], [13.518775971911333, 52.404683044165644], [13.519314262257279, 52.40495285007998], [13.519045117084307, 52.40512147877644], [13.520592701828901, 52.406234428173086], [13.520727274415389, 52.406301879651664], [13.520592701828901, 52.40640305686954], [13.520996419588363, 52.40670658852317], [13.521332851054579, 52.406976394437514], [13.521669282520795, 52.40727992609114], [13.521803855107281, 52.4074485547876], [13.522274859159984, 52.4083254240092], [13.522342145453228, 52.408527778444956], [13.522611290626202, 52.409269744709384], [13.522745863212688, 52.409607002102305], [13.523015008385661, 52.41031524262744], [13.52321686726539, 52.410821128716826], [13.522947722092418, 52.411023483152576], [13.523486012438363, 52.41166427219913], [13.523284153558635, 52.41183290089559], [13.523015008385661, 52.41213643254922], [13.52341872614512, 52.41240623846356], [13.52321686726539, 52.4126423186386], [13.523620585024851, 52.41318193046728], [13.524091589077553, 52.41358663933879], [13.52382244390458, 52.41368781655666], [13.522611290626202, 52.41415997690675], [13.522611290626202, 52.41432860560322], [13.522274859159984, 52.41442978282109], [13.522947722092418, 52.41544155499986], [13.52281314950593, 52.415711360914194], [13.522476718039714, 52.41625097274287], [13.52220757286674, 52.416925487528715], [13.522140286573498, 52.417229019182344], [13.522140286573498, 52.417363922139515], [13.522140286573498, 52.4178698082289], [13.522140286573498, 52.41830824283969], [13.522140286573498, 52.418443145796864], [13.52160199622755, 52.418881580407664], [13.520861847001875, 52.41955609519351], [13.520659988122144, 52.42019688424006], [13.520525415535658, 52.42083767328661], [13.520188984069442, 52.42104002772236], [13.519919838896469, 52.421343559376], [13.51951612113701, 52.42141101085458], [13.51891054449782, 52.42201807416184], [13.518775971911333, 52.42211925137972], [13.518641399324846, 52.42225415433688], [13.518574113031603, 52.42255768599051], [13.518439540445117, 52.42289494338344], [13.518775971911333, 52.42343455521211], [13.519179689670793, 52.4239404413015], [13.519583407430252, 52.42461495608734], [13.519583407430252, 52.42471613330522], [13.520188984069442, 52.42569417974469], [13.520390842949173, 52.42596398565903], [13.520390842949173, 52.42603143713762], [13.520458129242416, 52.426098888616195], [13.520458129242416, 52.42623379157337], [13.520525415535658, 52.426537323226995], [13.520525415535658, 52.42657104896629], [13.520458129242416, 52.42657104896629], [13.520458129242416, 52.42660477470558], [13.520256270362685, 52.42660477470558], [13.520121697776199, 52.42667222618417], [13.519987125189711, 52.42670595192346], [13.519919838896469, 52.42673967766275], [13.519785266309983, 52.42673967766275], [13.519381548550523, 52.426773403402045], [13.517362959753223, 52.426874580619916], [13.516824669407278, 52.42690830635921], [13.516555524234304, 52.4269420320985], [13.516219092768088, 52.426975757837795], [13.515882661301871, 52.426975757837795], [13.515546229835655, 52.42700948357709], [13.515209798369439, 52.42704320931638], [13.514873366903222, 52.427110660794966], [13.514065931384302, 52.42721183801284], [13.513393068451869, 52.427313015230716], [13.512720205519436, 52.42744791818789], [13.512114628880246, 52.427549095405766], [13.51177819741403, 52.427616546884344], [13.51137447965457, 52.42771772410222], [13.510836189308623, 52.427852627059394], [13.51056704413565, 52.42792007853798], [13.510297898962678, 52.42798753001656], [13.510028753789705, 52.42808870723444], [13.509557749737, 52.42822361019161], [13.509355890857272, 52.428291061670194], [13.509086745684298, 52.42835851314878], [13.508683027924839, 52.428493416105944], [13.507942878699161, 52.42876322202028], [13.507404588353216, 52.42896557645604], [13.507135443180243, 52.429066753673915], [13.506933584300512, 52.429167930891786], [13.506395293954567, 52.42937028532754], [13.505991576195106, 52.429606365502586], [13.504376705157267, 52.430348331767014], [13.502559975239699, 52.43125892672791], [13.500743245322129, 52.432135795949506], [13.500003096096453, 52.43250677908172], [13.499262946870777, 52.43284403647464], [13.4985227976451, 52.433215019606855], [13.498455511351857, 52.433215019606855], [13.498388225058614, 52.43324874534615], [13.498186366178883, 52.43328247108544], [13.498051793592397, 52.433316196824734], [13.497984507299154, 52.43334992256403], [13.497849934712667, 52.43338364830332], [13.497782648419424, 52.433417374042605], [13.497782648419424, 52.4334510997819], [13.497580789539693, 52.43355227699978], [13.49751350324645, 52.43358600273907], [13.497177071780234, 52.433855808653405], [13.497109785486991, 52.43392326013199], [13.495091196689692, 52.43490130657147], [13.494889337809962, 52.43493503231076], [13.494552906343745, 52.43503620952863], [13.494485620050503, 52.43503620952863], [13.49441833375726, 52.435069935267926], [13.491726882027528, 52.436385239100325], [13.489371861764011, 52.43753191423626], [13.489304575470769, 52.437599365714846], [13.489170002884283, 52.43770054293272], [13.489170002884283, 52.4377679944113], [13.489102716591038, 52.437801720150595], [13.488968144004552, 52.43783544588989], [13.487151414086982, 52.43874604085078], [13.48587297451536, 52.43935310415804], [13.485267397876171, 52.439656635811666], [13.484796393823467, 52.439892715986716], [13.484729107530224, 52.439892715986716], [13.484661821236982, 52.43992644172601], [13.484527248650494, 52.4399601674653], [13.484392676064008, 52.43999389320459], [13.484325389770765, 52.43999389320459], [13.484258103477522, 52.44002761894388], [13.484190817184277, 52.44006134468317], [13.479144345191031, 52.44252332365151], [13.479077058897788, 52.4425570493908], [13.478740627431572, 52.44272567808726], [13.478673341138327, 52.44272567808726], [13.478538768551841, 52.44279312956584], [13.478471482258598, 52.44279312956584], [13.478471482258598, 52.442826855305135], [13.478404195965355, 52.44286058104443], [13.478404195965355, 52.44289430678372], [13.478269623378868, 52.4429954840016], [13.478269623378868, 52.44302920974089], [13.478135050792382, 52.44309666121947], [13.478000478205894, 52.44316411269806], [13.477327615273461, 52.44350137009098], [13.476654752341028, 52.443838627483906], [13.476520179754543, 52.44387235322319], [13.47625103458157, 52.44393980470178], [13.476183748288326, 52.44397353044107], [13.47584731682211, 52.44410843339824], [13.472684861039674, 52.44562609166639], [13.469522405257239, 52.44717747567383], [13.468378538272104, 52.4477508132418], [13.467571102753183, 52.448155522113304], [13.466158090595075, 52.44883003689915], [13.465619800249128, 52.44909984281349], [13.465148796196425, 52.449369648727824], [13.464745078436966, 52.44963945464217], [13.464206788091019, 52.44997671203509], [13.463937642918046, 52.45017906647084], [13.463735784038315, 52.45031396942801], [13.463466638865343, 52.450583775342345], [13.463264779985613, 52.4507861297781], [13.463062921105882, 52.45108966143173], [13.46299563481264, 52.45112338717102], [13.462928348519396, 52.451157112910316], [13.462861062226153, 52.45112338717102], [13.462726489639666, 52.4512245643889], [13.462659203346423, 52.45119083864961], [13.462659203346423, 52.4512245643889], [13.462659203346423, 52.45125829012819], [13.462659203346423, 52.45129201586748], [13.46259191705318, 52.451460644563944], [13.46259191705318, 52.45149437030324], [13.462322771880206, 52.451797901956866], [13.462053626707233, 52.45216888508908], [13.46178448153426, 52.452539868221294], [13.461717195241016, 52.45264104543917], [13.461515336361288, 52.45280967413563], [13.461448050068043, 52.45284339987492], [13.461448050068043, 52.452877125614215], [13.4613807637748, 52.45291085135351], [13.461313477481557, 52.453012028571386], [13.460707900842367, 52.453888897792986], [13.460707900842367, 52.45399007501086], [13.460438755669394, 52.45436105814307], [13.46037146937615, 52.45449596110024], [13.459025743511285, 52.45645205397919], [13.459025743511285, 52.456485779718484], [13.4588911709248, 52.45658695693636], [13.458823884631554, 52.45672185989353], [13.457545445059932, 52.45827324390097], [13.45727629988696, 52.458677952772476], [13.457209013593715, 52.458779129990354], [13.457209013593715, 52.45884658146894], [13.457007154713986, 52.45904893590469], [13.457007154713986, 52.459116387383276], [13.457007154713986, 52.45915011312257], [13.457007154713986, 52.45918383886186], [13.457007154713986, 52.459217564601154], [13.457141727300472, 52.45925129034045], [13.457209013593715, 52.45925129034045], [13.45727629988696, 52.459217564601154], [13.457343586180203, 52.45925129034045], [13.458218307992365, 52.459217564601154], [13.461515336361288, 52.459116387383276], [13.462861062226153, 52.45908266164398], [13.464004929211288, 52.45904893590469], [13.464745078436966, 52.45904893590469], [13.471810139227511, 52.45884658146894], [13.471877425520754, 52.45884658146894], [13.472079284400484, 52.45884658146894], [13.472213856986972, 52.45884658146894], [13.472617574746431, 52.45884658146894], [13.473357723972107, 52.45881285572965], [13.474972595009946, 52.458779129990354], [13.474972595009946, 52.45881285572965], [13.474972595009946, 52.459116387383276], [13.474972595009946, 52.45918383886186], [13.474972595009946, 52.45948737051549], [13.475174453889677, 52.459892079387], [13.47524174018292, 52.45995953086558], [13.475309026476163, 52.46006070808346], [13.475309026476163, 52.46016188530133], [13.475376312769406, 52.46026306251921], [13.475780030528865, 52.46090385156577], [13.477125756393733, 52.461949349483824], [13.477193042686975, 52.46198307522312], [13.477327615273461, 52.46221915539816], [13.478538768551841, 52.46397289384136], [13.478538768551841, 52.464445054191444], [13.478471482258598, 52.46488348880224], [13.478471482258598, 52.46498466602012], [13.478404195965355, 52.46511956897729], [13.47833690967211, 52.465220746195165], [13.478067764499137, 52.465456826370215], [13.476318320874812, 52.46714311333482], [13.476183748288326, 52.46727801629199], [13.475578171649136, 52.467648999424206], [13.475309026476163, 52.467885079599256], [13.475174453889677, 52.46801998255642], [13.474972595009946, 52.468188611252884], [13.473694155438324, 52.4694364636067], [13.472954006212648, 52.47014470413183], [13.472886719919405, 52.470178429871126], [13.472886719919405, 52.47021215561042], [13.472684861039674, 52.47041451004617], [13.4724157158667, 52.47065059022121], [13.471944711813999, 52.47108902483201], [13.471002703708592, 52.472033345532196], [13.470598985949133, 52.4724380544037], [13.470127981896429, 52.47294394049308], [13.470060695603186, 52.472977666232374], [13.469993409309943, 52.47304511771096], [13.469926123016698, 52.47314629492884], [13.469791550430212, 52.47334864936459], [13.46972426413697, 52.47351727806105], [13.469656977843727, 52.47361845527893], [13.469589691550482, 52.4737196324968], [13.469589691550482, 52.47378708397539], [13.469589691550482, 52.473989438411145], [13.469993409309943, 52.47483258189345], [13.470262554482915, 52.475709451115044], [13.470397127069402, 52.47601298276868], [13.470531699655888, 52.476822400511686], [13.470598985949133, 52.47688985199027], [13.470060695603186, 52.477260835122486], [13.469051401204537, 52.478002801386914], [13.468042106805887, 52.478677316172764], [13.466965526113993, 52.479453008176485], [13.465956231715344, 52.48012752296233], [13.465148796196425, 52.480734586269584], [13.463533925158586, 52.48184753566623], [13.46239005817345, 52.48269067914853], [13.461246191188314, 52.48350009689155], [13.461178904895071, 52.48353382263084], [13.461178904895071, 52.483702451327304], [13.459564033857232, 52.48484912646324], [13.459093029804528, 52.485118932377574], [13.458622025751826, 52.48548991550979], [13.458554739458581, 52.48552364124908], [13.458352880578852, 52.485692269945545], [13.458151021699122, 52.48582717290271], [13.457814590232905, 52.48559109272767], [13.456805295834256, 52.484815400723946], [13.456267005488309, 52.484376966113146], [13.45606514660858, 52.484242063155975], [13.453911985224794, 52.48535501255262], [13.453710126345065, 52.485456189770495], [13.453508267465335, 52.48559109272767], [13.452162541600469, 52.48626560751351], [13.451489678668036, 52.48660286490643], [13.451220533495063, 52.4867377678636], [13.451018674615332, 52.48683894508148], [13.450614956855873, 52.48704129951723], [13.450413097976142, 52.48714247673511], [13.450345811682899, 52.48707502525652], [13.448865513231548, 52.48795189447812], [13.44873094064506, 52.48801934595671], [13.448663654351817, 52.487985620217415], [13.448529081765331, 52.488053071696], [13.447587073659925, 52.488525232046086], [13.447452501073437, 52.488626409263965], [13.446779638141004, 52.488963666656886], [13.44442461787749, 52.48744600838874], [13.444222758997759, 52.48758091134591], [13.443146178305867, 52.48815424891387], [13.442877033132893, 52.48825542613175], [13.442338742786948, 52.488525232046086], [13.442136883907217, 52.48866013500326], [13.440589299162621, 52.489402101267686], [13.440252867696405, 52.48960445570344], [13.439983722523431, 52.48973935866061], [13.439647291057215, 52.48990798735707], [13.43971457735046, 52.49011034179282], [13.439781863643702, 52.49034642196787], [13.439849149936945, 52.490481324925035], [13.439916436230188, 52.49061622788221], [13.440051008816676, 52.490717405100085]]], [[[13.50545328584916, 52.619886986589265], [13.50545328584916, 52.61978580937139], [13.50545328584916, 52.61971835789281], [13.5050495680897, 52.61954972919634], [13.50363655593159, 52.619111294585544], [13.503434697051862, 52.61901011736767], [13.503569269638348, 52.619111294585544], [13.503771128518078, 52.61921247180342], [13.50464585033024, 52.61954972919634], [13.50484770920997, 52.61961718067493], [13.50545328584916, 52.619886986589265]]]]}}]}