{"type": "FeatureCollection", "features": [{"type": "Feature", "properties": {"name": "West Berlin (former)"}, "geometry": {"type": "Polygon", "coordinates": [[[13.17467386826511, 52.40798816661628], [13.174135577919165, 52.40781953791982], [13.172655279467811, 52.407313651830435], [13.170838549550243, 52.406740314262464], [13.169290964805647, 52.406234428173086], [13.166330367902942, 52.405222655994315], [13.163908061346183, 52.4044132382513], [13.161149323323208, 52.403502643290416], [13.159332593405638, 52.40289557998315], [13.159332593405638, 52.40282812850457], [13.159265307112396, 52.40276067702599], [13.159265307112396, 52.401951259282974], [13.159265307112396, 52.401512824672174], [13.159265307112396, 52.40110811580067], [13.159332593405638, 52.40039987527553], [13.159332593405638, 52.39992771492544], [13.159198020819153, 52.399556731793226], [13.158794303059693, 52.39891594274667], [13.158390585300232, 52.398241427960826], [13.15791958124753, 52.397566913174984], [13.157785008661044, 52.397263381521356], [13.15791958124753, 52.39689239838914], [13.157852294954287, 52.39652141525693], [13.157852294954287, 52.396487689517635], [13.157785008661044, 52.39631906082117], [13.160341887804288, 52.39655514099622], [13.160409174097532, 52.39655514099622], [13.164109920225913, 52.396926124128434], [13.167070517128618, 52.39716220430348], [13.168079811527267, 52.39729710726065], [13.168483529286727, 52.39733083299994], [13.1687526744597, 52.39733083299994], [13.16996382773808, 52.39753318743569], [13.17117498101646, 52.39780299335003], [13.171309553602946, 52.397566913174984], [13.171713271362405, 52.395711997513914], [13.17178055765565, 52.39564454603533], [13.1687526744597, 52.394396693681514], [13.16814709782051, 52.394396693681514], [13.167945238940781, 52.394396693681514], [13.165724791263752, 52.394295516463636], [13.161216609616451, 52.39405943628859], [13.158861589352936, 52.39392453333142], [13.156775714262393, 52.39426179072434], [13.155631847277258, 52.3944641451601], [13.153276827013743, 52.394835128292314], [13.152200246321849, 52.39493630551019], [13.151123665629957, 52.39500375698878], [13.150047084938064, 52.39510493420665], [13.148903217952927, 52.39520611142453], [13.147893923554278, 52.39530728864241], [13.146817342862386, 52.395408465860285], [13.145740762170494, 52.39550964307816], [13.144798754065087, 52.395813174731785], [13.143856745959681, 52.39615043212471], [13.143722173373193, 52.396251609342585], [13.143116596734004, 52.39665631821409], [13.143251169320491, 52.39672376969268], [13.143251169320491, 52.39685867264985], [13.143183883027248, 52.397263381521356], [13.142645592681301, 52.397128478564184], [13.141972729748868, 52.39695984986773], [13.141838157162383, 52.39709475282489], [13.141098007936705, 52.39675749543197], [13.140425145004272, 52.396386512299756], [13.140088713538056, 52.39621788360329], [13.138406556206974, 52.39554336881745], [13.134705810078593, 52.39355355019921], [13.134503951198862, 52.393418647242044], [13.134100233439403, 52.393182567066994], [13.132081644642103, 52.39176608601672], [13.13039948731102, 52.39038333070574], [13.131879785762374, 52.38940528426627], [13.132552648694807, 52.388933123916175], [13.132889080161023, 52.388730769480425], [13.133292797920483, 52.38866331800184], [13.133763801973187, 52.388730769480425], [13.133965660852915, 52.388730769480425], [13.133158225333997, 52.38731428843015], [13.132754507574537, 52.38738173990873], [13.13221621722859, 52.38748291712661], [13.13201435834886, 52.387516642865904], [13.131543354296157, 52.38748291712661], [13.13140878170967, 52.38748291712661], [13.131274209123184, 52.387213111212276], [13.131072350243453, 52.38724683695157], [13.130735918777237, 52.38738173990873], [13.130668632483994, 52.387415465648026], [13.129255620325885, 52.38819115765175], [13.129121047739398, 52.38825860913033], [13.128313612220479, 52.388730769480425], [13.128111753340749, 52.388831946698296], [13.127237031528587, 52.38933783278768], [13.12669874118264, 52.38957391296273], [13.12730431782183, 52.39159745732026], [13.128448184806965, 52.39163118305955], [13.129053761446155, 52.39163118305955], [13.129322906619128, 52.391664908798845], [13.129390192912371, 52.391664908798845], [13.129390192912371, 52.39173236027743], [13.130937777656968, 52.39176608601672], [13.131206922829941, 52.39183353749531], [13.131206922829941, 52.391799811756016], [13.131139636536698, 52.39173236027743], [13.13100506395021, 52.39163118305955], [13.130870491363725, 52.39169863453814], [13.130534059897508, 52.39132765140592], [13.130197628431292, 52.391024119752295], [13.129861196965075, 52.390686862359374], [13.130197628431292, 52.39048450792362], [13.131543354296157, 52.39173236027743], [13.131341495416427, 52.391664908798845], [13.131341495416427, 52.39173236027743], [13.131274209123184, 52.39173236027743], [13.13140878170967, 52.391799811756016], [13.131476068002915, 52.39183353749531], [13.131476068002915, 52.3918672632346], [13.131543354296157, 52.391799811756016], [13.131745213175886, 52.391799811756016], [13.13383108826643, 52.39328374428487], [13.134302092319132, 52.39355355019921], [13.134503951198862, 52.39372217889567], [13.138204697327243, 52.39567827177462], [13.13894484655292, 52.39598180342825], [13.13833926991373, 52.39598180342825], [13.138608415086704, 52.39611670638542], [13.138473842500217, 52.39608298064613], [13.138406556206974, 52.39608298064613], [13.138002838447514, 52.39611670638542], [13.137800979567784, 52.39611670638542], [13.137464548101567, 52.39601552916754], [13.137262689221837, 52.39601552916754], [13.137397261808324, 52.39615043212471], [13.136993544048865, 52.396184157864006], [13.136455253702918, 52.396184157864006], [13.135715104477242, 52.396184157864006], [13.135647818183998, 52.396251609342585], [13.135580531890755, 52.396386512299756], [13.135176814131295, 52.397263381521356], [13.135109527838052, 52.39736455873923], [13.136051535943459, 52.3974994616964], [13.136387967409675, 52.39753318743569], [13.138070124740757, 52.39766809039286], [13.138070124740757, 52.39780299335003], [13.138070124740757, 52.39787044482861], [13.136657112582649, 52.39814025074295], [13.136387967409675, 52.398207702221534], [13.135445959304269, 52.398477508135876], [13.134974955251565, 52.39857868535375], [13.133494656800213, 52.39935437735747], [13.132552648694807, 52.39864613683233], [13.131812499469131, 52.398342605178705], [13.128448184806965, 52.39695984986773], [13.127438890408316, 52.3966225924748], [13.12690060006237, 52.39655514099622], [13.12568944678399, 52.39665631821409], [13.124747438678584, 52.39685867264985], [13.124209148332637, 52.397263381521356], [13.121988700655608, 52.398544959614455], [13.120239257031283, 52.399860263446854], [13.118489813406958, 52.401276744497125], [13.11774966418128, 52.40211988797943], [13.116336652023172, 52.40232224241519], [13.11182847037587, 52.4039748036405], [13.11122289373668, 52.40451441546918], [13.111088321150195, 52.4052901074729], [13.109675308992086, 52.406537959826714], [13.108329583127219, 52.40724620035185], [13.109204304939382, 52.407853263659106], [13.10933887752587, 52.40792071513769], [13.109473450112356, 52.40805561809486], [13.109271591232625, 52.40815679531274], [13.109271591232625, 52.408190521052035], [13.108598728300192, 52.40846032696637], [13.106781998382624, 52.40866268140212], [13.106378280623163, 52.40866268140212], [13.106445566916408, 52.40876385862], [13.106580139502894, 52.40876385862], [13.106781998382624, 52.40923601897009], [13.10691657096911, 52.409472099145134], [13.108060437954247, 52.40930347044868], [13.10853144200695, 52.40923601897009], [13.110617317097491, 52.40943837340584], [13.110617317097491, 52.40957327636301], [13.110684603390736, 52.40957327636301], [13.110415458217762, 52.41034896836673], [13.11182847037587, 52.410483871323905], [13.111492038909654, 52.41142819202408], [13.110146313044789, 52.41129328906692], [13.109944454165058, 52.41183290089559], [13.109608022698842, 52.41294585029223], [13.109473450112356, 52.412979576031525], [13.109204304939382, 52.41301330177082], [13.107791292781274, 52.41335055916374], [13.107387575021814, 52.41328310768515], [13.107253002435327, 52.413316833424446], [13.10711842984884, 52.41318193046728], [13.10711842984884, 52.413114478988696], [13.10732028872857, 52.41270977011719], [13.10732028872857, 52.4126423186386], [13.107387575021814, 52.41230506124568], [13.107387575021814, 52.412102706809925], [13.107185716142084, 52.41109093463116], [13.107185716142084, 52.410821128716826], [13.107185716142084, 52.410686225759655], [13.10711842984884, 52.410045436713105], [13.10711842984884, 52.40997798523452], [13.10711842984884, 52.40994425949523], [13.10711842984884, 52.409910533755934], [13.10711842984884, 52.40987680801664], [13.107051143555598, 52.40984308227735], [13.107051143555598, 52.409809356538055], [13.106983857262353, 52.40977563079876], [13.106849284675867, 52.409708179320184], [13.106647425796137, 52.40967445358089], [13.10631099432992, 52.4096407278416], [13.105907276570461, 52.40957327636301], [13.105099841051542, 52.409910533755934], [13.104628836998838, 52.40977563079876], [13.1009953771637, 52.4105175970632], [13.100928090870458, 52.410686225759655], [13.100928090870458, 52.41075367723824], [13.1009953771637, 52.41098975741328], [13.101062663456943, 52.41142819202408], [13.101129949750186, 52.411563094981254], [13.101062663456943, 52.4117991751563], [13.101062663456943, 52.411900352374175], [13.1009953771637, 52.41217015828851], [13.10079351828397, 52.41270977011719], [13.100726231990727, 52.412979576031525], [13.100726231990727, 52.41301330177082], [13.100726231990727, 52.41335055916374], [13.100860804577213, 52.41372154229595], [13.100860804577213, 52.413755268035246], [13.100591659404241, 52.41378899377454], [13.100322514231268, 52.41378899377454], [13.099851510178564, 52.41372154229595], [13.099245933539375, 52.41362036507808], [13.098505784313698, 52.41348546212091], [13.098102066554238, 52.413418010642324], [13.09729463103532, 52.413316833424446], [13.09668905439613, 52.413215656206575], [13.096621768102885, 52.41318193046728], [13.096621768102885, 52.41314820472799], [13.096621768102885, 52.413114478988696], [13.096419909223156, 52.413114478988696], [13.0964871955164, 52.4130807532494], [13.096890913275859, 52.41257486716002], [13.097765635088022, 52.41163054645984], [13.097765635088022, 52.41159682072055], [13.098774929486671, 52.411124660370454], [13.098842215779914, 52.411124660370454], [13.098909502073157, 52.41105720889187], [13.098909502073157, 52.411023483152576], [13.098976788366402, 52.41098975741328], [13.098976788366402, 52.4109223059347], [13.098976788366402, 52.41088858019541], [13.098976788366402, 52.41085485445612], [13.098976788366402, 52.41078740297753], [13.098909502073157, 52.41075367723824], [13.098842215779914, 52.410686225759655], [13.098774929486671, 52.41061877428107], [13.098707643193428, 52.4105175970632], [13.098640356900185, 52.410483871323905], [13.09857307060694, 52.410483871323905], [13.09857307060694, 52.41045014558461], [13.09857307060694, 52.41041641984532], [13.098505784313698, 52.41031524262744], [13.09857307060694, 52.41028151688815], [13.098371211727212, 52.4100791624524], [13.098303925433969, 52.410045436713105], [13.098169352847481, 52.41001171097381], [13.098102066554238, 52.40997798523452], [13.097967493967753, 52.40994425949523], [13.097967493967753, 52.40987680801664], [13.097361917328563, 52.40940464766655], [13.093392026027209, 52.41055132280248], [13.092382731628557, 52.411124660370454], [13.092113586455586, 52.41122583758833], [13.090767860590718, 52.411563094981254], [13.090296856538016, 52.412203884027804], [13.09016228395153, 52.41274349585648], [13.090229570244773, 52.413418010642324], [13.090229570244773, 52.413552913599496], [13.08834555403396, 52.41962354667209], [13.095814332583966, 52.42198434842255], [13.09769834879478, 52.423468280951404], [13.098102066554238, 52.42407534425867], [13.098371211727212, 52.424884762001675], [13.099313219832618, 52.42535692235177], [13.099986082765051, 52.425458099569646], [13.100928090870458, 52.42515456791602], [13.10160095380289, 52.42464868182663], [13.103484970013703, 52.42431142443371], [13.104561550705595, 52.42397416704079], [13.105436272517759, 52.42528947087318], [13.10691657096911, 52.425660454005396], [13.107993151661002, 52.42667222618417], [13.112770478481277, 52.42920165663108], [13.112097615548844, 52.43230442464596], [13.113914345466414, 52.43297893943181], [13.117211373835335, 52.436149158925275], [13.122123273242096, 52.43786917162918], [13.123132567640745, 52.43871231511149], [13.123132567640745, 52.43962291007237], [13.12017197073804, 52.44134292277628], [13.119902825565067, 52.44151155147274], [13.11976825297858, 52.44171390590849], [13.119095390046148, 52.442826855305135], [13.119028103752903, 52.44296175826231], [13.119028103752903, 52.443265289915935], [13.119162676339391, 52.44377117600532], [13.119028103752903, 52.44400725618036], [13.118153381940742, 52.44441196505187], [13.117345946421821, 52.44481667392338], [13.116605797196145, 52.44518765705559], [13.115394643917766, 52.445659817405684], [13.114519922105602, 52.44636805793082], [13.11364520029344, 52.447076298455954], [13.11303962365425, 52.44758218454534], [13.112299474428575, 52.448189247852596], [13.111559325202897, 52.44879631115986], [13.110751889683979, 52.44943710020641], [13.110079026751546, 52.45001043777438], [13.109271591232625, 52.45061750108164], [13.10933887752587, 52.45068495256022], [13.109540736405599, 52.45108966143173], [13.109877167871815, 52.45156182178182], [13.110415458217762, 52.45203398213191], [13.111088321150195, 52.452775948396344], [13.111357466323168, 52.45318065726784], [13.111626611496142, 52.453652817617936], [13.11182847037587, 52.45399007501086], [13.11182847037587, 52.45405752648944], [13.112030329255601, 52.45442850962166], [13.112164901842087, 52.45523792736467], [13.112164901842087, 52.4555414590183], [13.112299474428575, 52.4559798936291], [13.112366760721818, 52.45621597380415], [13.11243404701506, 52.45645205397919], [13.11243404701506, 52.45651950545778], [13.11243404701506, 52.45658695693636], [13.112568619601547, 52.45705911728645], [13.112635905894791, 52.45753127763654], [13.112703192188034, 52.457699906333005], [13.112568619601547, 52.4581720666831], [13.112501333308304, 52.458677952772476], [13.112501333308304, 52.458779129990354], [13.11243404701506, 52.45888030720823], [13.11243404701506, 52.458914032947526], [13.11243404701506, 52.45898148442611], [13.111963042962358, 52.459217564601154], [13.110482744511005, 52.459993256604875], [13.111357466323168, 52.461848172265945], [13.111424752616411, 52.4633321047948], [13.111424752616411, 52.46373681366631], [13.111357466323168, 52.46387171662348], [13.110550030804248, 52.465659180805964], [13.11182847037587, 52.467446644988456], [13.11243404701506, 52.467750176642085], [13.113981631759657, 52.468627045863684], [13.11384705917317, 52.46933528638882], [13.113779772879926, 52.46980744673891], [13.114116204346143, 52.47007725265325], [13.11586564797047, 52.47142628222493], [13.116202079436686, 52.471696088139275], [13.116403938316415, 52.47193216831432], [13.116942228662362, 52.4728764890145], [13.117211373835335, 52.47328119788601], [13.117278660128578, 52.47358472953964], [13.117345946421821, 52.47392198693256], [13.117345946421821, 52.473989438411145], [13.117480519008309, 52.474326695804066], [13.117547805301552, 52.47439414728265], [13.117547805301552, 52.474529050239816], [13.117547805301552, 52.47456277597911], [13.117547805301552, 52.474765130414866], [13.117547805301552, 52.474866307632745], [13.117615091594795, 52.47577690259363], [13.117682377888038, 52.47709220642603], [13.117682377888038, 52.47732828660107], [13.11835524082047, 52.477362012340365], [13.119095390046148, 52.477496915297536], [13.11976825297858, 52.47759809251541], [13.120373829617769, 52.477699269733286], [13.120508402204257, 52.47773299547258], [13.120710261083987, 52.477699269733286], [13.12118126513669, 52.477800446951164], [13.121450410309663, 52.47786789842975], [13.121921414362365, 52.47796907564763], [13.122190559535339, 52.478002801386914], [13.123334426520476, 52.47817143008338], [13.123940003159664, 52.478238881561964], [13.12629502342318, 52.47864359043347], [13.126564168596154, 52.478778493390635], [13.126833313769126, 52.4789471220871], [13.12790989446102, 52.479554185394356], [13.128313612220479, 52.4798239913087], [13.129726624378588, 52.48090321496605], [13.130735918777237, 52.481645181230476], [13.1316106405894, 52.48235342175561], [13.133494656800213, 52.48376990280589], [13.135580531890755, 52.4854224640312], [13.136186108529945, 52.485894624381295], [13.13712811663535, 52.48660286490643], [13.13833926991373, 52.48758091134591], [13.139819568365082, 52.48872758648184], [13.140290572417786, 52.489064843874765], [13.140694290177246, 52.489402101267686], [13.141299866816436, 52.489840535878486], [13.141770870869138, 52.49024524474999], [13.142982024147518, 52.491155839710885], [13.144462322598871, 52.49230251484682], [13.14526975811779, 52.49297702963266], [13.146211766223196, 52.493651544418505], [13.14708648803536, 52.49435978494364], [13.148432213900225, 52.495405282861704], [13.149239649419144, 52.49604607190825], [13.14957608088536, 52.49631587782259], [13.150047084938064, 52.49661940947622], [13.15078723416374, 52.49705784408702], [13.150854520456983, 52.4971252955656], [13.151258238216442, 52.49729392426207], [13.15159466968266, 52.4975637301764], [13.152334818908336, 52.498137067744366], [13.152469391494822, 52.49817079348366], [13.155228129517798, 52.500194337841194], [13.155631847277258, 52.50046414375553], [13.157246718315097, 52.50161081889147], [13.157650436074556, 52.5019143505451], [13.158054153834016, 52.50221788219873], [13.158592444179963, 52.50258886533094], [13.159063448232665, 52.50289239698457], [13.161216609616451, 52.50420770081697], [13.162158617721857, 52.50484848986352], [13.163571629879966, 52.50575908482441], [13.164177206519156, 52.50616379369592], [13.165119214624562, 52.50683830848176], [13.166195795316455, 52.507512823267604], [13.166666799369159, 52.507850080660525], [13.167070517128618, 52.50815361231416], [13.167406948594834, 52.5083896924892], [13.167810666354294, 52.508726949882124], [13.167945238940781, 52.508861852839296], [13.168214384113755, 52.508963030057174], [13.168685388166457, 52.509165384492924], [13.168819960752943, 52.50923283597151], [13.168281670406998, 52.50940146466797], [13.166195795316455, 52.5101434309324], [13.165186500917805, 52.51048068832532], [13.164177206519156, 52.510817945718244], [13.163975347639427, 52.51088539719683], [13.163975347639427, 52.51091912293612], [13.163706202466454, 52.5109865744147], [13.163369771000237, 52.51108775163258], [13.163100625827264, 52.51118892885046], [13.162764194361047, 52.51132383180762], [13.162495049188074, 52.51139128328621], [13.162427762894831, 52.511458734764794], [13.162293190308343, 52.51149246050409], [13.161418468496182, 52.5118634436363], [13.160274601511045, 52.51233560398639], [13.158592444179963, 52.51294266729365], [13.15832329900699, 52.51297639303294], [13.15791958124753, 52.51304384451153], [13.1577177223678, 52.51307757025082], [13.157583149781313, 52.513111295990115], [13.15751586348807, 52.51314502172941], [13.157448577194828, 52.51314502172941], [13.157381290901583, 52.5131787474687], [13.157246718315097, 52.51321247320799], [13.15711214572861, 52.51327992468657], [13.157044859435366, 52.513313650425864], [13.156775714262393, 52.51341482764374], [13.15630471020969, 52.5136171820795], [13.15610285132996, 52.51368463355808], [13.155833706156988, 52.51378581077596], [13.1556991335705, 52.51381953651525], [13.155228129517798, 52.51402189095101], [13.155160843224554, 52.51402189095101], [13.154757125465094, 52.514190519647464], [13.154353407705635, 52.514325422604635], [13.154151548825904, 52.51442659982251], [13.15300768184077, 52.51499993739048], [13.15179652856239, 52.515539549219156], [13.1511909519232, 52.5157756293942], [13.150114371231307, 52.516180338265706], [13.149172363125901, 52.51655132139792], [13.147826637261035, 52.517057207487305], [13.147490205794819, 52.51719211044447], [13.14648091139617, 52.517394464880226], [13.146211766223196, 52.51742819061952], [13.145606189584006, 52.51746191635881], [13.14547161699752, 52.51763054505527], [13.14506789923806, 52.51806897966607], [13.144798754065087, 52.51860859149475], [13.144529608892114, 52.51897957462696], [13.144462322598871, 52.51908075184483], [13.144327750012383, 52.51918192906271], [13.143856745959681, 52.519350557759175], [13.143722173373193, 52.51941800923776], [13.143587600786708, 52.51945173497705], [13.143183883027248, 52.519687815152096], [13.142645592681301, 52.51975526663068], [13.142040016042111, 52.519687815152096], [13.141434439402921, 52.51962036367351], [13.140492431297515, 52.51945173497705], [13.140425145004272, 52.51945173497705], [13.139213991725892, 52.519215654802004], [13.13854112879346, 52.51908075184483], [13.13773369327454, 52.518912123148375], [13.13753183439481, 52.51887839740908], [13.137464548101567, 52.51884467166979], [13.136657112582649, 52.518777220191204], [13.136186108529945, 52.51874349445191], [13.136051535943459, 52.51870976871262], [13.135849677063728, 52.51870976871262], [13.134705810078593, 52.51854114001616], [13.13403294714616, 52.518473688537576], [13.133898374559672, 52.51843996279828], [13.13383108826643, 52.51843996279828], [13.133763801973187, 52.51843996279828], [13.133561943093456, 52.51840623705899], [13.133158225333997, 52.518271334101826], [13.13261993498805, 52.51820388262324], [13.131947072055617, 52.518136431144654], [13.131879785762374, 52.518136431144654], [13.131341495416427, 52.518136431144654], [13.130063055844804, 52.51800152818748], [13.129995769551561, 52.51800152818748], [13.129053761446155, 52.517832899491026], [13.128919188859669, 52.517832899491026], [13.128717329979938, 52.51779917375173], [13.128313612220479, 52.51773172227315], [13.128246325927236, 52.51773172227315], [13.12770803558129, 52.51763054505527], [13.126967886355613, 52.51756309357668], [13.126967886355613, 52.51752936783739], [13.126833313769126, 52.51752936783739], [13.126362309716423, 52.51752936783739], [13.125756733077234, 52.51752936783739], [13.125151156438044, 52.51752936783739], [13.123738144279935, 52.51746191635881], [13.122796136174529, 52.517394464880226], [13.121113978843447, 52.51722583618376], [13.120508402204257, 52.517158384705176], [13.119633680392093, 52.51702348174801], [13.119297248925877, 52.51698975600872], [13.117682377888038, 52.517057207487305], [13.117413232715064, 52.517057207487305], [13.117615091594795, 52.5179340767089], [13.117816950474525, 52.51864231723404], [13.118018809354254, 52.51962036367351], [13.118086095647497, 52.51985644384855], [13.118220668233985, 52.52049723289511], [13.118220668233985, 52.52069958733086], [13.11835524082047, 52.52117174768095], [13.11835524082047, 52.52144155359529], [13.11835524082047, 52.52154273081317], [13.118422527113713, 52.52248705151335], [13.118489813406958, 52.52322901777778], [13.118624385993444, 52.52407216126009], [13.118691672286687, 52.52494903048168], [13.118893531166417, 52.526331785792664], [13.11896081745966, 52.52677022040346], [13.119028103752903, 52.52717492927497], [13.119028103752903, 52.527309832232135], [13.119095390046148, 52.52825415293232], [13.119162676339391, 52.528827490500284], [13.119229962632634, 52.52913102215392], [13.119229962632634, 52.52936710232896], [13.119297248925877, 52.52936710232896], [13.119297248925877, 52.52950200528613], [13.119431821512364, 52.52990671415764], [13.119431821512364, 52.53014279433268], [13.119499107805607, 52.53034514876843], [13.119700966685336, 52.53085103485782], [13.11976825297858, 52.53101966355428], [13.11976825297858, 52.531120840772154], [13.11997011185831, 52.53152554964366], [13.12017197073804, 52.53193025851517], [13.120373829617769, 52.5322337901688], [13.120844833670473, 52.53280712773677], [13.12118126513669, 52.53327928808686], [13.12118126513669, 52.53344791678332], [13.121248551429932, 52.53358281974049], [13.121315837723175, 52.533683996958366], [13.121450410309663, 52.53402125435129], [13.121584982896149, 52.53435851174421], [13.121584982896149, 52.53452714044067], [13.121719555482636, 52.534763220615716], [13.121719555482636, 52.534864397833594], [13.12178684177588, 52.53503302653005], [13.121921414362365, 52.53516792948722], [13.121988700655608, 52.535201655226516], [13.122123273242096, 52.535404009662265], [13.122257845828582, 52.53560636409802], [13.122459704708312, 52.53587617001236], [13.122661563588043, 52.53611225018741], [13.122863422467772, 52.53631460462316], [13.123132567640745, 52.536618136276786], [13.123267140227231, 52.536989119409], [13.123334426520476, 52.53709029662688], [13.123468999106962, 52.537495005498386], [13.123536285400204, 52.537798537152014], [13.123738144279935, 52.538236971762814], [13.12387271686642, 52.538574229155735], [13.124007289452909, 52.53887776080936], [13.124007289452909, 52.53894521228795], [13.124007289452909, 52.53897893802724], [13.124074575746151, 52.53904638950583], [13.124209148332637, 52.53904638950583], [13.124209148332637, 52.53908011524512], [13.124209148332637, 52.539181292463], [13.12427643462588, 52.53955227559521], [13.124949297558315, 52.54140719125628], [13.125151156438044, 52.54214915752071], [13.125420301611017, 52.54312720396018], [13.125554874197503, 52.543397009874525], [13.125622160490748, 52.54353191283169], [13.125554874197503, 52.54356563857098], [13.124949297558315, 52.54380171874603], [13.125151156438044, 52.544172701878246], [13.125285729024531, 52.54444250779258], [13.125285729024531, 52.544476233531874], [13.125554874197503, 52.54518447405701], [13.125622160490748, 52.54548800571064], [13.12568944678399, 52.545589182928516], [13.12609316454345, 52.54636487493224], [13.12609316454345, 52.5465335036287], [13.126160450836693, 52.54660095510728], [13.126362309716423, 52.54700566397879], [13.12649688230291, 52.547208018414544], [13.126564168596154, 52.547410372850294], [13.12669874118264, 52.54771390450393], [13.126766027475883, 52.5478150817218], [13.12690060006237, 52.548118613375436], [13.126967886355613, 52.54821979059331], [13.126967886355613, 52.5482535163326], [13.127438890408316, 52.54916411129349], [13.127573462994803, 52.549568820165], [13.12770803558129, 52.54977117460075], [13.12770803558129, 52.54980490034004], [13.127775321874532, 52.549939803297214], [13.127775321874532, 52.54997352903651], [13.127775321874532, 52.5500072547758], [13.127775321874532, 52.55004098051509], [13.127842608167775, 52.55010843199367], [13.127977180754263, 52.55037823790801], [13.128044467047506, 52.550479415125885], [13.128179039633991, 52.550917849736685], [13.128313612220479, 52.55122138139032], [13.128784616273181, 52.55226687930838], [13.128986475152912, 52.55263786244059], [13.129053761446155, 52.55280649113705], [13.129121047739398, 52.553008845572805], [13.129255620325885, 52.55337982870502], [13.129322906619128, 52.553447280183605], [13.129524765498859, 52.5539194405337], [13.12979391067183, 52.554661406798125], [13.129928483258318, 52.554863761233875], [13.130063055844804, 52.55513356714821], [13.13039948731102, 52.55580808193406], [13.130466773604265, 52.55597671063052], [13.130534059897508, 52.55601043636981], [13.130803205070482, 52.55590925915193], [13.130937777656968, 52.55584180767335], [13.13100506395021, 52.55580808193406], [13.131206922829941, 52.55567317897689], [13.131543354296157, 52.55547082454114], [13.13201435834886, 52.555201018626796], [13.132485362401564, 52.55493121271246], [13.13282179386778, 52.55462768105883], [13.13342737050697, 52.55405434349086], [13.133561943093456, 52.55395316627298], [13.13383108826643, 52.55375081183723], [13.13443666490562, 52.553346102965726], [13.135311386717781, 52.55307629705139], [13.136320681116432, 52.552705313919176], [13.136724398875891, 52.552671588179884], [13.137800979567784, 52.552570410962005], [13.13833926991373, 52.55253668522271], [13.138473842500217, 52.55253668522271], [13.138608415086704, 52.55253668522271], [13.13995414095157, 52.55246923374413], [13.14035785871103, 52.55250295948342], [13.141367153109679, 52.55246923374413], [13.141434439402921, 52.552435508004834], [13.141703584575895, 52.55240178226554], [13.142578306388058, 52.55226687930838], [13.143183883027248, 52.55206452487262], [13.144193177425898, 52.552131976351205], [13.144596895185357, 52.55253668522271], [13.144798754065087, 52.55246923374413], [13.14526975811779, 52.55253668522271], [13.145606189584006, 52.55273903965847], [13.14587533475698, 52.55294139409422], [13.146009907343466, 52.55337982870502], [13.146346338809682, 52.553784537576526], [13.146548197689413, 52.554088069230154], [13.146884629155629, 52.55429042366591], [13.14708648803536, 52.55469513253742], [13.147153774328602, 52.55483003549458], [13.147221060621845, 52.55493121271246], [13.147288346915088, 52.55584180767335], [13.14708648803536, 52.55658377393778], [13.146951915448872, 52.55705593428787], [13.146951915448872, 52.55769672333442], [13.146884629155629, 52.55860731829531], [13.146548197689413, 52.55914693012399], [13.146279052516439, 52.559349284559744], [13.14607719363671, 52.5603947824778], [13.145808048463737, 52.56059713691355], [13.146009907343466, 52.56086694282789], [13.146413625102927, 52.56103557152435], [13.146548197689413, 52.56113674874223], [13.146884629155629, 52.5612716516994], [13.147153774328602, 52.56144028039586], [13.147221060621845, 52.56187871500666], [13.147355633208331, 52.56245205257463], [13.147355633208331, 52.56265440701038], [13.147422919501576, 52.56309284162118], [13.147490205794819, 52.5634300990141], [13.147422919501576, 52.56396971084278], [13.147490205794819, 52.56440814545358], [13.14769206467455, 52.564711677107205], [13.148028496140766, 52.56501520876083], [13.148163068727252, 52.5651838374573], [13.148701359073199, 52.56562227206809], [13.149037790539415, 52.56595952946102], [13.149508794592117, 52.566431689811104], [13.149845226058334, 52.566768947204025], [13.150047084938064, 52.56707247885766], [13.150248943817793, 52.56771326790421], [13.150316230111038, 52.567780719382796], [13.15038351640428, 52.567983073818546], [13.1511909519232, 52.569163474693774], [13.151258238216442, 52.569736812261745], [13.151258238216442, 52.56997289243679], [13.152200246321849, 52.57031014982971], [13.15240210520158, 52.57047877852617], [13.152671250374553, 52.57098466461556], [13.152738536667796, 52.57111956757272], [13.152873109254282, 52.571591727922815], [13.152873109254282, 52.57162545366211], [13.152873109254282, 52.572030162533615], [13.152805822961039, 52.572468597144415], [13.153344113306986, 52.57307566045167], [13.153545972186716, 52.573244289148136], [13.153545972186716, 52.57348036932318], [13.153478685893472, 52.57408743263044], [13.153478685893472, 52.57439096428407], [13.153478685893472, 52.57455959298053], [13.153680544773202, 52.57479567315558], [13.153478685893472, 52.57536901072354], [13.153680544773202, 52.57577371959505], [13.153545972186716, 52.57631333142373], [13.153478685893472, 52.57678549177382], [13.15361325847996, 52.57746000655966], [13.153478685893472, 52.57789844117046], [13.153209540720498, 52.57830315004197], [13.153142254427255, 52.57894393908852], [13.152873109254282, 52.579247470742146], [13.152334818908336, 52.58015806570304], [13.152065673735363, 52.580427871617374], [13.151931101148877, 52.580562774574545], [13.15159466968266, 52.58113611214251], [13.151325524509687, 52.581641998231895], [13.151325524509687, 52.5820467071034], [13.151258238216442, 52.582215335799866], [13.15058537528401, 52.58258631893208], [13.149912512351577, 52.58288985058571], [13.149643367178605, 52.5833620109358], [13.148432213900225, 52.583058479282165], [13.14708648803536, 52.58268749614995], [13.14587533475698, 52.58235023875703], [13.1446641814786, 52.5820467071034], [13.143856745959681, 52.58157454675331], [13.142982024147518, 52.581540821014016], [13.142040016042111, 52.581338466578266], [13.140627003884003, 52.58093375770676], [13.140021427244813, 52.58079885474959], [13.139617709485353, 52.58059650031384], [13.13914670543265, 52.58039414587808], [13.13753183439481, 52.58052904883525], [13.136589826289404, 52.580225517181624], [13.136051535943459, 52.58009061422445], [13.135445959304269, 52.58002316274587], [13.135378673011026, 52.58005688848516], [13.134100233439403, 52.57985453404941], [13.133090939040754, 52.579685905352946], [13.13261993498805, 52.57958472813507], [13.132485362401564, 52.57961845387436], [13.132081644642103, 52.579787082570824], [13.131677926882643, 52.580225517181624], [13.131341495416427, 52.58093375770676], [13.131072350243453, 52.58167572397119], [13.130534059897508, 52.58278867336783], [13.130264914724535, 52.58302475354287], [13.129861196965075, 52.58322710797863], [13.129524765498859, 52.58326083371792], [13.128919188859669, 52.58319338223934], [13.128313612220479, 52.58312593076075], [13.127977180754263, 52.58312593076075], [13.129322906619128, 52.58582398990413], [13.129322906619128, 52.58592516712201], [13.128448184806965, 52.586026344339885], [13.128986475152912, 52.587307922432984], [13.131072350243453, 52.58693693930077], [13.13140878170967, 52.58690321356148], [13.132687221281293, 52.58693693930077], [13.135445959304269, 52.58737537391157], [13.135715104477242, 52.58740909965086], [13.135984249650216, 52.58757772834733], [13.136455253702918, 52.58784753426166], [13.137935552154271, 52.58869067774397], [13.138473842500217, 52.588859306440426], [13.13934856431238, 52.58906166087618], [13.141703584575895, 52.58933146679052], [13.142107302335354, 52.589398918269104], [13.143318455613734, 52.58966872418344], [13.143520314493465, 52.58970244992273], [13.143789459666438, 52.589837352879904], [13.144462322598871, 52.59007343305495], [13.14526975811779, 52.59037696470858], [13.149105076832658, 52.59175972001956], [13.149306935712387, 52.59186089723744], [13.151729242269147, 52.59371581289851], [13.152267532615094, 52.59415424750931], [13.153882403652933, 52.59570563151675], [13.154084262532661, 52.595840534473915], [13.154958984344825, 52.5963464205633], [13.155429988397527, 52.59664995221693], [13.156237423916448, 52.59712211256702], [13.157044859435366, 52.59762799865641], [13.164379065398887, 52.59877467379234], [13.164513637985372, 52.598808399531634], [13.165388359797536, 52.59833623918154], [13.1662630816097, 52.59789780457074], [13.167070517128618, 52.59745936995994], [13.167877952647538, 52.59702093534914], [13.168214384113755, 52.59698720960985], [13.168618101873214, 52.596953483870564], [13.16935825109889, 52.596852306652686], [13.170098400324566, 52.5967848551741], [13.170636690670513, 52.596616226477636], [13.171982416535378, 52.596278969084715], [13.172520706881325, 52.59604288890967], [13.172924424640785, 52.59573935725604], [13.173328142400244, 52.5954695513417], [13.17366457386646, 52.59533464838454], [13.174741154558355, 52.59509856820949], [13.175414017490787, 52.595064842470194], [13.175817735250247, 52.59503111673091], [13.176356025596194, 52.594997390991615], [13.176827029648896, 52.59492993951303], [13.177836324047545, 52.59492993951303], [13.17830732810025, 52.59489621377374], [13.179585767671872, 52.59452523064152], [13.180258630604305, 52.594322876205766], [13.181200638709711, 52.59401934455214], [13.181940787935387, 52.593884441594966], [13.182680937161063, 52.59381699011639], [13.183421086386739, 52.593682087159216], [13.184497667078633, 52.59337855550559], [13.184766812251606, 52.59314247533054], [13.185237816304308, 52.592906395155495], [13.185641534063768, 52.592569137762574], [13.186718114755662, 52.59209697741248], [13.187592836567823, 52.591827171498146], [13.187996554327283, 52.591692268540974], [13.18914042131242, 52.591388736887346], [13.189611425365122, 52.5911526567123], [13.190688006057016, 52.59057931914433], [13.190889864936745, 52.590478141926454], [13.191495441575935, 52.59030951323], [13.191764586748908, 52.590174610272825], [13.192908453734045, 52.589972255837075], [13.193783175546207, 52.589837352879904], [13.19425417959891, 52.58980362714061], [13.19506161511783, 52.58966872418344], [13.195734478050262, 52.58960127270486], [13.196609199862426, 52.589533821226276], [13.19748392167459, 52.589297741051226], [13.197887639434049, 52.58923028957264], [13.198493216073238, 52.5889942093976], [13.199166079005671, 52.58892675791901], [13.200377232284051, 52.588758129222555], [13.200915522629996, 52.58858950052609], [13.201521099269186, 52.58835342035105], [13.201992103321889, 52.588117340176], [13.202530393667836, 52.587881260000955], [13.202664966254323, 52.58781380852237], [13.203539688066485, 52.587544002608034], [13.203943405825946, 52.58740909965086], [13.204683555051622, 52.58713929373653], [13.205019986517838, 52.587004390779356], [13.205356417984055, 52.5868357620829], [13.20670214384892, 52.58659968190785], [13.20690400272865, 52.58720674521511], [13.20710586160838, 52.58778008278308], [13.207375006781353, 52.58838714609034], [13.208249728593517, 52.58835342035105], [13.209124450405678, 52.588319694611755], [13.210268317390815, 52.58825224313317], [13.211210325496221, 52.58821851739388], [13.21221961989487, 52.588117340176], [13.213094341707034, 52.587982437218834], [13.21383449093271, 52.58791498574025], [13.213901777225953, 52.58791498574025], [13.217400664474605, 52.58747655112945], [13.218006241113795, 52.58872440348326], [13.218813676632713, 52.59051186766575], [13.21915010809893, 52.5911526567123], [13.219284680685417, 52.591388736887346], [13.218880962925956, 52.59236678332682], [13.21814081370028, 52.59320992680912], [13.215314789384061, 52.59496366525232], [13.211479470669195, 52.59675112943481], [13.211277611789464, 52.59681858091339], [13.20952816816514, 52.598066433267206], [13.208182442300274, 52.599010753967384], [13.207240434194867, 52.59985389744969], [13.206365712382704, 52.60089939536775], [13.205827422036757, 52.60140528145713], [13.20549099057054, 52.60167508737147], [13.205087272811081, 52.60204607050368], [13.202664966254323, 52.60396843764334], [13.202328534788107, 52.60423824355768], [13.201924817028646, 52.604912758343524], [13.201722958148917, 52.605486095911495], [13.20158838556243, 52.60616061069734], [13.201655671855672, 52.60653159382955], [13.201722958148917, 52.60686885122247], [13.201857530735403, 52.60703747991894], [13.201992103321889, 52.60713865713681], [13.202126675908376, 52.60727356009398], [13.202328534788107, 52.60740846305115], [13.202664966254323, 52.60750964026902], [13.204212550998918, 52.60791434914053], [13.205019986517838, 52.60815042931558], [13.206029280916487, 52.608555138187086], [13.20650028496919, 52.60879121836213], [13.20690400272865, 52.60912847575505], [13.208182442300274, 52.610612408283906], [13.209460881871895, 52.61206261507348], [13.209662740751625, 52.61229869524852], [13.209797313338111, 52.61253477542356], [13.212421478774601, 52.61604225230995], [13.21282519653406, 52.61654813839934], [13.21484378533136, 52.619246197542715], [13.216795087835415, 52.62015679250361], [13.218208099993523, 52.6223489655576], [13.21975568473812, 52.62443996139372], [13.220092116204336, 52.62528310487602], [13.220293975084067, 52.626126248358325], [13.220293975084067, 52.62693566610134], [13.22036126137731, 52.6271042947978], [13.220428547670553, 52.62720547201568], [13.220697692843526, 52.62781253532294], [13.220630406550283, 52.62801488975869], [13.22056312025704, 52.62814979271586], [13.22056312025704, 52.62825096993374], [13.22056312025704, 52.628318421412324], [13.221235983189473, 52.62828469567303], [13.222985426813798, 52.62818351845515], [13.22426386638542, 52.628419598630195], [13.22527316078407, 52.628217244194445], [13.225138588197584, 52.628419598630195], [13.225609592250287, 52.62825096993374], [13.225744164836774, 52.62825096993374], [13.22587873742326, 52.62825096993374], [13.22587873742326, 52.62814979271586], [13.225946023716503, 52.6279811640194], [13.225946023716503, 52.62784626106223], [13.22648431406245, 52.62781253532294], [13.227224463288126, 52.627643906626474], [13.22809918510029, 52.6275427294086], [13.229108479498938, 52.62747527793002], [13.229781342431371, 52.627441552190724], [13.230386919070561, 52.62737410071214], [13.230925209416506, 52.62740782645143], [13.2320017901084, 52.62747527793002], [13.232741939334076, 52.62750900366931], [13.233347515973266, 52.6275427294086], [13.23422223778543, 52.627643906626474], [13.235769822530024, 52.62781253532294], [13.236038967702997, 52.627778809583646], [13.23671183063543, 52.627778809583646], [13.237586552447594, 52.627778809583646], [13.237990270207053, 52.62781253532294], [13.238663133139486, 52.627778809583646], [13.239672427538135, 52.62781253532294], [13.240345290470568, 52.627879986801524], [13.241085439696246, 52.628082341237274], [13.241691016335436, 52.62818351845515], [13.241960161508407, 52.62825096993374], [13.242094734094895, 52.62828469567303], [13.242431165561111, 52.62828469567303], [13.243171314786787, 52.62818351845515], [13.243305887373275, 52.62818351845515], [13.244180609185436, 52.62791371254082], [13.244315181771924, 52.62784626106223], [13.244988044704357, 52.627576455147896], [13.245728193930033, 52.627340374972846], [13.245862766516519, 52.62730664923355], [13.246064625396249, 52.62727292349426], [13.246401056862465, 52.62727292349426], [13.247073919794898, 52.62727292349426], [13.247679496434088, 52.62730664923355], [13.248015927900305, 52.62730664923355], [13.248486931953007, 52.62737410071214], [13.249159794885442, 52.62747527793002], [13.25057280704355, 52.627340374972846], [13.251716674028685, 52.62730664923355], [13.252524109547606, 52.62730664923355], [13.253264258773282, 52.627340374972846], [13.254206266878688, 52.627441552190724], [13.254946416104364, 52.62747527793002], [13.255686565330041, 52.62747527793002], [13.256628573435448, 52.627576455147896], [13.257032291194907, 52.62767763236577], [13.258378017059773, 52.62771135810506], [13.259589170338153, 52.62771135810506], [13.260329319563828, 52.62771135810506], [13.261069468789504, 52.62761018088718], [13.261742331721937, 52.62750900366931], [13.26241519465437, 52.62730664923355], [13.263424489053019, 52.62717174627639], [13.264097351985452, 52.626901940362046], [13.26423192457194, 52.62686821462275], [13.264299210865182, 52.62730664923355], [13.264299210865182, 52.627441552190724], [13.26443378345167, 52.62835214715162], [13.26443378345167, 52.62848705010878], [13.264501069744913, 52.62889175898029], [13.264568356038156, 52.629296467851795], [13.264568356038156, 52.62939764506967], [13.264635642331399, 52.630072159855516], [13.264702928624642, 52.630375691509144], [13.264702928624642, 52.63054432020561], [13.26483750121113, 52.631488640905786], [13.26483750121113, 52.63155609238437], [13.264904787504372, 52.63239923586668], [13.264972073797615, 52.63256786456314], [13.265173932677346, 52.63452395744209], [13.264702928624642, 52.635974164231655], [13.264501069744913, 52.636311421624576], [13.264366497158425, 52.63644632458175], [13.263760920519235, 52.637390645281926], [13.263424489053019, 52.63776162841414], [13.263155343880047, 52.63806516006777], [13.262818912413831, 52.63843614319999], [13.262818912413831, 52.63850359467857], [13.262684339827343, 52.63863849763574], [13.26241519465437, 52.63907693224654], [13.262347908361127, 52.63938046390017], [13.262347908361127, 52.63951536685734], [13.262213335774641, 52.639920075728845], [13.262347908361127, 52.63995380146814], [13.262146049481396, 52.640695767732566], [13.263289916466533, 52.6405271390361], [13.266250513369238, 52.640122430164595], [13.266519658542212, 52.6400887044253], [13.269614828031402, 52.63971772129309], [13.27015311837735, 52.63975144703238], [13.271969848294919, 52.63985262425026], [13.27345014674627, 52.640122430164595], [13.274257582265191, 52.64025733312177], [13.27647802994222, 52.64018988164318], [13.276814461408437, 52.64029105886106], [13.276949033994923, 52.64029105886106], [13.28078435270979, 52.64086439642902], [13.282466510040873, 52.64103302512549], [13.283341231853036, 52.64103302512549], [13.283812235905739, 52.641134202343366], [13.283879522198982, 52.642078523043544], [13.28401409478547, 52.64255068339364], [13.284081381078712, 52.64322519817948], [13.284215953665198, 52.644371873315414], [13.284283239958443, 52.644810307926214], [13.284350526251686, 52.645720902887106], [13.284485098838172, 52.6465977721087], [13.284552385131414, 52.64750836706959], [13.284552385131414, 52.64794680168039], [13.284215953665198, 52.648452687769776], [13.284485098838172, 52.64828405907331], [13.28461967142466, 52.648317784812605], [13.284686957717902, 52.64882367090199], [13.284821530304388, 52.649734265862875], [13.285023389184119, 52.65108329543457], [13.285090675477361, 52.652128793352624], [13.285157961770604, 52.65263467944201], [13.284552385131414, 52.65263467944201], [13.281928219694926, 52.65273585665989], [13.282062792281414, 52.65405116049228], [13.282130078574657, 52.654860578235294], [13.282130078574657, 52.65496175545317], [13.282668368920604, 52.659717084693376], [13.28280294150709, 52.66072885687214], [13.283341231853036, 52.66059395391497], [13.283879522198982, 52.6604927766971], [13.284350526251686, 52.660459050957805], [13.284485098838172, 52.660459050957805], [13.285427106943578, 52.66032414800063], [13.285898110996282, 52.660222970782755], [13.286570973928715, 52.66008806782559], [13.287176550567903, 52.65995316486842], [13.287378409447633, 52.65995316486842], [13.287647554620607, 52.65995316486842], [13.28771484091385, 52.65985198765054], [13.287782127207093, 52.65985198765054], [13.288253131259797, 52.65995316486842], [13.28852227643277, 52.65998689060771], [13.289060566778716, 52.65995316486842], [13.290204433763853, 52.65985198765054], [13.291617445921961, 52.65964963321479], [13.292155736267908, 52.659582181736205], [13.293165030666557, 52.659447278779034], [13.293703321012504, 52.65934610156116], [13.294510756531423, 52.65934610156116], [13.295520050930072, 52.65931237582187], [13.297000349381426, 52.65931237582187], [13.29854793412602, 52.65931237582187], [13.299288083351698, 52.65927865008258], [13.300028232577374, 52.65927865008258], [13.30056652292332, 52.65927865008258], [13.301441244735482, 52.659244924343284], [13.302517825427376, 52.65921119860399], [13.302921543186836, 52.65927865008258], [13.303325260946295, 52.65931237582187], [13.30406541017197, 52.659379827300455], [13.304536414224675, 52.65941355303974], [13.304738273104403, 52.659447278779034], [13.307160579661163, 52.6596159074755], [13.307362438540894, 52.65927865008258], [13.30769887000711, 52.658941392689655], [13.308169874059812, 52.65863786103602], [13.308640878112515, 52.658368055121684], [13.308842736992245, 52.65819942642523], [13.308640878112515, 52.65799707198947], [13.308910023285488, 52.65789589477159], [13.309111882165219, 52.65779471755372], [13.309179168458462, 52.657727266075135], [13.30931374104495, 52.65765981459655], [13.309381027338192, 52.65759236311796], [13.309650172511166, 52.65735628294292], [13.309852031390895, 52.65745746016079], [13.309986603977382, 52.657491185900085], [13.310121176563868, 52.65739000868221], [13.309986603977382, 52.65735628294292], [13.30769887000711, 52.65644568798203], [13.30709329336792, 52.65617588206769], [13.306151285262514, 52.65583862467477], [13.305209277157108, 52.655433915803265], [13.305141990863865, 52.65540019006397], [13.302854256893593, 52.65448959510308], [13.300431950336833, 52.65351154866361], [13.301643103615213, 52.652027616134745], [13.302046821374672, 52.65152173004537], [13.302585111720619, 52.6509146667381], [13.303056115773321, 52.65034132917014], [13.303459833532782, 52.649835443080754], [13.305007418277377, 52.64794680168039], [13.305612994916567, 52.64720483541596], [13.305747567503055, 52.6470362067195], [13.306218571555757, 52.64649659489083], [13.30648771672873, 52.6461930632372], [13.306756861901704, 52.64585580584427], [13.306958720781433, 52.645585999929935], [13.307833442593596, 52.64457422775117], [13.308237160353055, 52.64403461592249], [13.308439019232786, 52.64379853574745], [13.308977309578733, 52.64389971296532], [13.309179168458462, 52.643933438704615], [13.309246454751705, 52.64383226148674], [13.309246454751705, 52.643731084268865], [13.309381027338192, 52.64282048930797], [13.309448313631435, 52.642719312090094], [13.309044595871976, 52.64268558635081], [13.309179168458462, 52.641977345825666], [13.308842736992245, 52.64194362008637], [13.308910023285488, 52.641437733996995], [13.30870816440576, 52.64123537956124], [13.308573591819272, 52.64110047660407], [13.308169874059812, 52.64076321921115], [13.308237160353055, 52.640223607382474], [13.308035301473327, 52.64015615590389], [13.307968015180082, 52.6400887044253], [13.307295152247649, 52.640122430164595], [13.307295152247649, 52.6400887044253], [13.307295152247649, 52.639683995553796], [13.306420430435487, 52.63961654407521], [13.306285857849, 52.63961654407521], [13.306420430435487, 52.63938046390017], [13.306420430435487, 52.63931301242158], [13.30648771672873, 52.63921183520371], [13.306824148194947, 52.63867222337503], [13.306824148194947, 52.638604771896446], [13.30689143448819, 52.638267514503525], [13.306958720781433, 52.63809888580706], [13.307026007074676, 52.63779535415343], [13.307026007074676, 52.63755927397839], [13.306083998969271, 52.637390645281926], [13.306016712676026, 52.637390645281926], [13.30588214008954, 52.63735691954263], [13.305814853796297, 52.63735691954263], [13.30588214008954, 52.63712083936759], [13.306016712676026, 52.636851033453254], [13.306083998969271, 52.636749856235376], [13.306218571555757, 52.63648005032104], [13.306958720781433, 52.63556945536015], [13.307295152247649, 52.635198472227934], [13.307564297420623, 52.634894940574306], [13.307631583713865, 52.63479376335643], [13.307833442593596, 52.63459140892067], [13.308169874059812, 52.63415297430988], [13.308304446646298, 52.63395061987412], [13.308439019232786, 52.63374826543837], [13.308506305526029, 52.63371453969908], [13.308573591819272, 52.633579636741906], [13.308775450699002, 52.63337728230616], [13.308977309578733, 52.63320865360969], [13.30931374104495, 52.632803944738185], [13.309448313631435, 52.632601590302436], [13.309717458804409, 52.632163155691636], [13.309784745097652, 52.63199452699517], [13.309784745097652, 52.631589818123665], [13.309919317684137, 52.63132001220933], [13.310053890270625, 52.631151383512865], [13.310053890270625, 52.63111765777357], [13.310053890270625, 52.6310164805557], [13.310121176563868, 52.63088157759853], [13.310188462857111, 52.630611771684194], [13.309784745097652, 52.630611771684194], [13.309717458804409, 52.63010588559481], [13.310255749150354, 52.63000470837693], [13.309986603977382, 52.62966745098401], [13.309717458804409, 52.62946509654826], [13.309448313631435, 52.62939764506967], [13.309111882165219, 52.6292627421125], [13.308977309578733, 52.629195290633916], [13.308842736992245, 52.62916156489462], [13.308842736992245, 52.62912783915534], [13.308573591819272, 52.629094113416045], [13.308169874059812, 52.62902666193746], [13.307900728886839, 52.62895921045887], [13.307631583713865, 52.62892548471958], [13.307429724834137, 52.62889175898029], [13.307362438540894, 52.628858033240995], [13.30709329336792, 52.6288243075017], [13.306958720781433, 52.6288243075017], [13.306756861901704, 52.628756856023124], [13.306420430435487, 52.62872313028383], [13.306285857849, 52.62868940454454], [13.306218571555757, 52.628655678805245], [13.30588214008954, 52.62855450158737], [13.30568028120981, 52.62848705010878], [13.305411136036838, 52.6283858728909], [13.305209277157108, 52.628318421412324], [13.305141990863865, 52.62828469567303], [13.304805559397648, 52.62818351845515], [13.30467098681116, 52.62814979271586], [13.304334555344944, 52.628082341237274], [13.30406541017197, 52.62801488975869], [13.303930837585485, 52.6279811640194], [13.303796264998999, 52.62794743828011], [13.303527119826025, 52.627879986801524], [13.303056115773321, 52.627778809583646], [13.302652398013862, 52.627576455147896], [13.302517825427376, 52.6275427294086], [13.302652398013862, 52.62720547201568], [13.302854256893593, 52.62723919775497], [13.303123402066564, 52.62727292349426], [13.303459833532782, 52.62730664923355], [13.303863551292242, 52.62737410071214], [13.304401841638187, 52.627441552190724], [13.305007418277377, 52.6275427294086], [13.305343849743593, 52.62761018088718], [13.30568028120981, 52.62761018088718], [13.306016712676026, 52.627643906626474], [13.306353144142243, 52.62767763236577], [13.306689575608459, 52.62771135810506], [13.307227865954406, 52.62774508384435], [13.307362438540894, 52.627778809583646], [13.307429724834137, 52.627778809583646], [13.307900728886839, 52.62784626106223], [13.308506305526029, 52.62794743828011], [13.309246454751705, 52.6279811640194], [13.310390321736842, 52.62804861549798], [13.310659466909815, 52.628082341237274], [13.310995898376031, 52.62811606697657], [13.311332329842248, 52.62811606697657], [13.31200519277468, 52.62818351845515], [13.31220705165441, 52.62818351845515], [13.312341624240897, 52.62818351845515], [13.31301448717333, 52.62818351845515], [13.313350918639546, 52.62811606697657], [13.313485491226032, 52.628082341237274], [13.313889208985493, 52.6279811640194], [13.314158354158465, 52.62791371254082], [13.314965789677386, 52.627643906626474], [13.315369507436845, 52.6275427294086], [13.315705938903061, 52.62747527793002], [13.315975084076035, 52.627441552190724], [13.316311515542251, 52.627340374972846], [13.316446088128737, 52.627340374972846], [13.316647947008468, 52.62730664923355], [13.3173208099409, 52.62720547201568], [13.318060959166576, 52.62703684331922], [13.318868394685497, 52.62676703740488], [13.319070253565227, 52.62676703740488], [13.31913753985847, 52.62673331166559], [13.319608543911173, 52.626665860187], [13.3213579875355, 52.626564682969125], [13.321896277881445, 52.62653095722983], [13.322232709347661, 52.62653095722983], [13.322703713400365, 52.626463505751246], [13.322972858573339, 52.626463505751246], [13.323443862626041, 52.62642978001196], [13.323645721505772, 52.62639605427267], [13.3238475803855, 52.62639605427267], [13.324789588490907, 52.62615997409762], [13.325597024009827, 52.625923893922575], [13.326202600649015, 52.6258227167047], [13.326942749874693, 52.62572153948682], [13.32727918134091, 52.625687813747525], [13.327413753927395, 52.62565408800824], [13.32849033461929, 52.62545173357248], [13.328692193499018, 52.62545173357248], [13.329297770138208, 52.62528310487602], [13.329566915311181, 52.62518192765815], [13.329903346777398, 52.62508075044027], [13.330307064536857, 52.624912121743805], [13.33057620970983, 52.62481094452593], [13.33118178634902, 52.62457486435088], [13.33158550410848, 52.624406235654426], [13.33178736298821, 52.62433878417584], [13.332056508161182, 52.62420388121867], [13.332527512213886, 52.62403525252221], [13.332863943680103, 52.62420388121867], [13.336699262394971, 52.62265249721123], [13.336699262394971, 52.62268622295052], [13.336766548688214, 52.62271994868981], [13.336968407567944, 52.622753674429106], [13.337035693861187, 52.6227874001684], [13.337170266447673, 52.62282112590769], [13.337237552740916, 52.62282112590769], [13.33730483903416, 52.62282112590769], [13.337439411620647, 52.622854851646984], [13.337573984207133, 52.62288857738628], [13.337775843086863, 52.622956028864856], [13.337843129380106, 52.622956028864856], [13.337910415673349, 52.622956028864856], [13.338044988259837, 52.622956028864856], [13.338246847139567, 52.62292230312557], [13.33831413343281, 52.62292230312557], [13.338381419726053, 52.62292230312557], [13.338448706019296, 52.62298975460415], [13.338515992312539, 52.62309093182203], [13.338515992312539, 52.623192109039906], [13.338515992312539, 52.62325956051849], [13.338583278605784, 52.623293286257784], [13.338650564899027, 52.62332701199708], [13.33871785119227, 52.62332701199708], [13.338785137485512, 52.62332701199708], [13.338852423778755, 52.62332701199708], [13.338919710072, 52.6232258347792], [13.338986996365243, 52.6232258347792], [13.339256141538216, 52.62315838330061], [13.339390714124702, 52.623192109039906], [13.339525286711188, 52.623293286257784], [13.339592573004433, 52.623293286257784], [13.339659859297676, 52.623293286257784], [13.339727145590919, 52.623293286257784], [13.339861718177405, 52.62325956051849], [13.33992900447065, 52.62325956051849], [13.340130863350378, 52.623293286257784], [13.340198149643623, 52.623293286257784], [13.340265435936866, 52.62325956051849], [13.340332722230109, 52.6232258347792], [13.340400008523352, 52.62315838330061], [13.340467294816595, 52.62312465756132], [13.34053458110984, 52.62312465756132], [13.340601867403082, 52.62312465756132], [13.340669153696325, 52.62315838330061], [13.340736439989568, 52.623192109039906], [13.340871012576056, 52.6232258347792], [13.341005585162542, 52.62325956051849], [13.341072871455784, 52.623293286257784], [13.341207444042272, 52.623293286257784], [13.341342016628758, 52.62325956051849], [13.341409302922001, 52.62325956051849], [13.341409302922001, 52.623293286257784], [13.341476589215244, 52.62332701199708], [13.341543875508489, 52.62332701199708], [13.34181302068146, 52.62325956051849], [13.341880306974705, 52.62325956051849], [13.341947593267948, 52.623293286257784], [13.34201487956119, 52.623293286257784], [13.342149452147678, 52.6232258347792], [13.342216738440921, 52.623192109039906], [13.342284024734164, 52.6232258347792], [13.342351311027407, 52.62325956051849], [13.342351311027407, 52.623293286257784], [13.342351311027407, 52.62332701199708], [13.34241859732065, 52.62332701199708], [13.342485883613895, 52.62332701199708], [13.342553169907138, 52.62336073773636], [13.342687742493624, 52.62336073773636], [13.342755028786867, 52.623394463475655], [13.342822315080111, 52.62346191495424], [13.342889601373354, 52.62346191495424], [13.342956887666597, 52.62346191495424], [13.34302417395984, 52.62342818921495], [13.343091460253083, 52.62336073773636], [13.343158746546328, 52.62336073773636], [13.343158746546328, 52.623394463475655], [13.34322603283957, 52.62342818921495], [13.34322603283957, 52.62346191495424], [13.343360605426057, 52.62346191495424], [13.3434278917193, 52.62346191495424], [13.343495178012544, 52.62342818921495], [13.343562464305787, 52.62342818921495], [13.34362975059903, 52.62342818921495], [13.34362975059903, 52.62346191495424], [13.34362975059903, 52.623495640693534], [13.343898895772003, 52.623630543650705], [13.343898895772003, 52.62366426939], [13.343966182065246, 52.62373172086858], [13.34403346835849, 52.62373172086858], [13.345782911982816, 52.623630543650705], [13.346724920088223, 52.62359681791141], [13.347128637847682, 52.623630543650705], [13.349214512938223, 52.62376544660787], [13.351098529149036, 52.62386662382575], [13.35136767432201, 52.62282112590769], [13.35136767432201, 52.622753674429106], [13.351502246908495, 52.62271994868981], [13.351636819494983, 52.6227874001684], [13.351636819494983, 52.62282112590769], [13.351636819494983, 52.622854851646984], [13.351636819494983, 52.62292230312557], [13.351636819494983, 52.62298975460415], [13.351704105788226, 52.62298975460415], [13.351771392081469, 52.62298975460415], [13.3519732509612, 52.62302348034344], [13.352107823547685, 52.623057206082734], [13.352175109840928, 52.623057206082734], [13.352175109840928, 52.62302348034344], [13.352242396134173, 52.62292230312557], [13.352309682427416, 52.622854851646984], [13.352309682427416, 52.62282112590769], [13.352376968720659, 52.62282112590769], [13.352444255013902, 52.6227874001684], [13.35257882760039, 52.62282112590769], [13.35257882760039, 52.622854851646984], [13.35257882760039, 52.62288857738628], [13.352511541307145, 52.62292230312557], [13.352444255013902, 52.62302348034344], [13.352444255013902, 52.623057206082734], [13.352511541307145, 52.62309093182203], [13.352646113893632, 52.62315838330061], [13.352780686480118, 52.623192109039906], [13.352847972773361, 52.6232258347792], [13.352847972773361, 52.623293286257784], [13.352982545359849, 52.62336073773636], [13.353049831653092, 52.623394463475655], [13.353117117946335, 52.623394463475655], [13.353184404239578, 52.62336073773636], [13.353251690532822, 52.62332701199708], [13.353318976826065, 52.623293286257784], [13.353386263119308, 52.62332701199708], [13.353386263119308, 52.62336073773636], [13.353520835705794, 52.62342818921495], [13.353588121999039, 52.62342818921495], [13.353789980878767, 52.623495640693534], [13.353857267172012, 52.623495640693534], [13.353991839758498, 52.62346191495424], [13.354126412344984, 52.623394463475655], [13.354260984931472, 52.62336073773636], [13.354328271224714, 52.62336073773636], [13.354395557517957, 52.62336073773636], [13.3544628438112, 52.62342818921495], [13.3544628438112, 52.62346191495424], [13.3544628438112, 52.62352936643283], [13.3544628438112, 52.62356309217212], [13.354597416397688, 52.62359681791141], [13.354597416397688, 52.623630543650705], [13.35466470269093, 52.623630543650705], [13.354933847863904, 52.623630543650705], [13.355001134157147, 52.62359681791141], [13.35506842045039, 52.62359681791141], [13.355135706743633, 52.62356309217212], [13.35527027933012, 52.62352936643283], [13.35527027933012, 52.623495640693534], [13.355337565623364, 52.62346191495424], [13.355404851916607, 52.62342818921495], [13.355472138209851, 52.623394463475655], [13.355539424503094, 52.623394463475655], [13.355606710796337, 52.623394463475655], [13.35567399708958, 52.62336073773636], [13.35567399708958, 52.62332701199708], [13.355808569676068, 52.6232258347792], [13.35587585596931, 52.623192109039906], [13.355943142262554, 52.623192109039906], [13.356010428555797, 52.623192109039906], [13.35607771484904, 52.623192109039906], [13.356145001142284, 52.6232258347792], [13.35627957372877, 52.623293286257784], [13.356346860022013, 52.623293286257784], [13.356346860022013, 52.62325956051849], [13.356414146315256, 52.623192109039906], [13.3564814326085, 52.62315838330061], [13.356548718901744, 52.62312465756132], [13.35668329148823, 52.62312465756132], [13.356750577781472, 52.62312465756132], [13.356817864074717, 52.62312465756132], [13.356952436661203, 52.62315838330061], [13.357019722954446, 52.623192109039906], [13.357087009247689, 52.623192109039906], [13.357154295540933, 52.623192109039906], [13.35728886812742, 52.62315838330061], [13.357356154420662, 52.62312465756132], [13.357558013300393, 52.62298975460415], [13.357625299593636, 52.62298975460415], [13.357692585886879, 52.62298975460415], [13.357759872180123, 52.62302348034344], [13.357759872180123, 52.623057206082734], [13.357759872180123, 52.62309093182203], [13.357759872180123, 52.62312465756132], [13.357759872180123, 52.623192109039906], [13.357961731059852, 52.623293286257784], [13.358029017353095, 52.62332701199708], [13.35809630364634, 52.62332701199708], [13.358163589939583, 52.623293286257784], [13.358230876232826, 52.6232258347792], [13.358298162526069, 52.62315838330061], [13.358298162526069, 52.62312465756132], [13.358365448819312, 52.62312465756132], [13.358432735112556, 52.62312465756132], [13.358432735112556, 52.62315838330061], [13.358432735112556, 52.62325956051849], [13.358365448819312, 52.62332701199708], [13.358432735112556, 52.62336073773636], [13.3585000214058, 52.623394463475655], [13.358701880285528, 52.62342818921495], [13.358836452872016, 52.62342818921495], [13.358903739165259, 52.623394463475655], [13.358971025458501, 52.62336073773636], [13.359038311751744, 52.62332701199708], [13.359105598044989, 52.623293286257784], [13.359105598044989, 52.62325956051849], [13.359172884338232, 52.623293286257784], [13.359172884338232, 52.62332701199708], [13.359240170631475, 52.623394463475655], [13.359240170631475, 52.62342818921495], [13.359172884338232, 52.623495640693534], [13.359172884338232, 52.62356309217212], [13.359240170631475, 52.62359681791141], [13.359307456924718, 52.623630543650705], [13.359442029511206, 52.62373172086858], [13.359442029511206, 52.62376544660787], [13.359576602097691, 52.62379917234716], [13.359643888390934, 52.62386662382575], [13.359643888390934, 52.62390034956504], [13.359643888390934, 52.62400152678292], [13.359643888390934, 52.62403525252221], [13.359711174684179, 52.62403525252221], [13.359711174684179, 52.624068978261505], [13.359778460977422, 52.624068978261505], [13.359845747270665, 52.624068978261505], [13.359845747270665, 52.62403525252221], [13.359913033563908, 52.62403525252221], [13.35998031985715, 52.62403525252221], [13.35998031985715, 52.62400152678292], [13.360047606150395, 52.62396780104363], [13.360047606150395, 52.62390034956504], [13.360047606150395, 52.62386662382575], [13.360114892443638, 52.623832898086455], [13.360182178736881, 52.623832898086455], [13.360249465030124, 52.623832898086455], [13.360316751323367, 52.623832898086455], [13.360384037616612, 52.623832898086455], [13.360451323909855, 52.623832898086455], [13.360518610203098, 52.623832898086455], [13.36058589649634, 52.623832898086455], [13.36058589649634, 52.62386662382575], [13.360518610203098, 52.62390034956504], [13.360451323909855, 52.62400152678292], [13.360451323909855, 52.62403525252221], [13.360518610203098, 52.624068978261505], [13.36058589649634, 52.624068978261505], [13.360720469082828, 52.62403525252221], [13.360787755376071, 52.62403525252221], [13.360855041669314, 52.62403525252221], [13.360922327962557, 52.62403525252221], [13.360922327962557, 52.6241027040008], [13.360922327962557, 52.62413642974008], [13.360922327962557, 52.624170155479376], [13.360922327962557, 52.62420388121867], [13.360922327962557, 52.62423760695796], [13.3609896142558, 52.624271332697255], [13.361056900549045, 52.624271332697255], [13.361326045722016, 52.62433878417584], [13.361393332015261, 52.62433878417584], [13.361662477188235, 52.62430505843655], [13.36179704977472, 52.624271332697255], [13.361864336067963, 52.624271332697255], [13.361931622361206, 52.62430505843655], [13.361931622361206, 52.62433878417584], [13.361998908654451, 52.62437250991513], [13.362066194947694, 52.624406235654426], [13.362133481240937, 52.62443996139372], [13.362133481240937, 52.62447368713301], [13.362133481240937, 52.6245074128723], [13.362133481240937, 52.62454113861159], [13.36220076753418, 52.62457486435088], [13.362268053827423, 52.624608590090176], [13.362268053827423, 52.62457486435088], [13.362335340120667, 52.62457486435088], [13.362469912707153, 52.62457486435088], [13.362469912707153, 52.624608590090176], [13.362537199000396, 52.624608590090176], [13.362537199000396, 52.62464231582947], [13.362469912707153, 52.624709767308055], [13.362469912707153, 52.62474349304735], [13.362537199000396, 52.62477721878664], [13.36260448529364, 52.62481094452593], [13.362671771586884, 52.62481094452593], [13.36280634417337, 52.624844670265226], [13.362873630466613, 52.624844670265226], [13.362940916759856, 52.624844670265226], [13.363075489346343, 52.62487839600452], [13.363142775639586, 52.62487839600452], [13.363344634519317, 52.624912121743805], [13.36341192081256, 52.624912121743805], [13.363546493399046, 52.6249458474831], [13.36361377969229, 52.62501329896168], [13.36361377969229, 52.625047024700976], [13.363681065985533, 52.62508075044027], [13.363748352278776, 52.62508075044027], [13.363748352278776, 52.625047024700976], [13.363748352278776, 52.62501329896168], [13.363681065985533, 52.6249458474831], [13.363748352278776, 52.624912121743805], [13.363815638572019, 52.624912121743805], [13.363950211158507, 52.6249458474831], [13.36401749745175, 52.6249458474831], [13.36401749745175, 52.624912121743805], [13.36401749745175, 52.62487839600452], [13.36401749745175, 52.62481094452593], [13.363950211158507, 52.62474349304735], [13.363950211158507, 52.624709767308055], [13.363950211158507, 52.62467604156876], [13.36401749745175, 52.62464231582947], [13.364084783744993, 52.62464231582947], [13.364084783744993, 52.62467604156876], [13.364152070038235, 52.624709767308055], [13.364152070038235, 52.62477721878664], [13.364152070038235, 52.62481094452593], [13.364219356331478, 52.624844670265226], [13.364421215211209, 52.624844670265226], [13.364555787797695, 52.624844670265226], [13.364757646677425, 52.62481094452593], [13.364824932970668, 52.624844670265226], [13.364824932970668, 52.62487839600452], [13.364757646677425, 52.62497957322239], [13.36462307409094, 52.62518192765815], [13.36462307409094, 52.62521565339744], [13.364690360384182, 52.62524937913673], [13.364757646677425, 52.62524937913673], [13.364892219263911, 52.62524937913673], [13.365026791850399, 52.62524937913673], [13.365094078143642, 52.62524937913673], [13.365094078143642, 52.62528310487602], [13.365094078143642, 52.62531683061531], [13.365161364436885, 52.6253842820939], [13.365228650730128, 52.62541800783319], [13.365295937023372, 52.62545173357248], [13.365363223316615, 52.625485459311776], [13.365430509609858, 52.625485459311776], [13.365497795903101, 52.62545173357248], [13.365565082196346, 52.62541800783319], [13.365699654782832, 52.62531683061531], [13.365766941076075, 52.62528310487602], [13.365834227369318, 52.62528310487602], [13.365901513662562, 52.62531683061531], [13.365901513662562, 52.6253842820939], [13.365901513662562, 52.62545173357248], [13.365901513662562, 52.625485459311776], [13.365968799955805, 52.625485459311776], [13.365968799955805, 52.62541800783319], [13.365968799955805, 52.6253842820939], [13.366036086249048, 52.6253842820939], [13.366103372542291, 52.6253842820939], [13.366103372542291, 52.62541800783319], [13.366103372542291, 52.62545173357248], [13.366170658835534, 52.625485459311776], [13.366237945128779, 52.625485459311776], [13.366237945128779, 52.62545173357248], [13.366305231422022, 52.62541800783319], [13.366372517715265, 52.625350556354604], [13.366439804008508, 52.62531683061531], [13.36650709030175, 52.62531683061531], [13.366641662888238, 52.62531683061531], [13.366708949181481, 52.62528310487602], [13.366843521767967, 52.62528310487602], [13.366910808061212, 52.62528310487602], [13.366910808061212, 52.62531683061531], [13.366910808061212, 52.625350556354604], [13.366978094354454, 52.6253842820939], [13.367045380647697, 52.6253842820939], [13.36711266694094, 52.6253842820939], [13.367179953234185, 52.62531683061531], [13.367179953234185, 52.62528310487602], [13.367314525820671, 52.62501329896168], [13.36792010245986, 52.624068978261505], [13.368458392805806, 52.62342818921495], [13.36933311461797, 52.622416417036185], [13.3695349734977, 52.62224778833972], [13.369602259790943, 52.622112885382556], [13.369736832377429, 52.621977982425385], [13.369804118670674, 52.62194425668609], [13.369804118670674, 52.621876805207506], [13.370409695309862, 52.621202290421664], [13.371015271949052, 52.62035914693936], [13.371553562294999, 52.619684632153515], [13.371889993761215, 52.61917874606413], [13.372428284107162, 52.618369328321116], [13.372764715573378, 52.617930893710316], [13.372966574453107, 52.61752618483881], [13.373101147039595, 52.61732383040306], [13.373168433332838, 52.617290104663766], [13.37323571962608, 52.617155201706595], [13.37424501402473, 52.61577244639562], [13.374312300317973, 52.61567126917774], [13.37525430842338, 52.614221062388175], [13.375725312476083, 52.613243015948704], [13.376129030235543, 52.61175908341984], [13.376196316528786, 52.6115230032448], [13.376263602822029, 52.61111829437329], [13.376330889115273, 52.61067985976249], [13.376330889115273, 52.60933083019081], [13.376196316528786, 52.60774572044407], [13.375792598769326, 52.60707120565822], [13.375792598769326, 52.607003754179644], [13.37545616730311, 52.60653159382955], [13.375119735836893, 52.60609315921875], [13.37525430842338, 52.60622806217592], [13.37505244954365, 52.60592453052229], [13.374783304370677, 52.60551982165078], [13.37424501402473, 52.60477785538635], [13.374043155145001, 52.60440687225414], [13.373303005919324, 52.60336137433608], [13.373101147039595, 52.603091568421746], [13.372832001866621, 52.602653133810946], [13.37263014298689, 52.60245077937519], [13.372428284107162, 52.602180973460854], [13.371822707467972, 52.60127037849996], [13.371688134881484, 52.60103429832492], [13.371418989708513, 52.600697040932], [13.371082558242296, 52.60019115484261], [13.371082558242296, 52.60015742910332], [13.371015271949052, 52.60005625188545], [13.371015271949052, 52.600022526146155], [13.370880699362566, 52.5998201717104], [13.37054426789635, 52.59948291431748], [13.370342409016619, 52.599246834142434], [13.37014055013689, 52.59907820544597], [13.370005977550402, 52.5989433024888], [13.369602259790943, 52.59863977083517], [13.368660251685537, 52.59783035309216], [13.368189247632834, 52.59742564422065], [13.36812196133959, 52.59739191848136], [13.367987388753104, 52.59735819274207], [13.367852816166618, 52.59725701552419], [13.367785529873373, 52.59718956404561], [13.367583670993644, 52.597054661088436], [13.36711266694094, 52.59664995221693], [13.366170658835534, 52.59587426021321], [13.365699654782832, 52.5954695513417], [13.365497795903101, 52.595300922645244], [13.365228650730128, 52.59503111673091], [13.364353928917966, 52.594322876205766], [13.364286642624723, 52.594322876205766], [13.364286642624723, 52.59428915046647], [13.363681065985533, 52.5937495386378], [13.36260448529364, 52.592906395155495], [13.361124186842288, 52.59165854280168], [13.360653182789584, 52.591253833930175], [13.360047606150395, 52.59118638245159], [13.359105598044989, 52.59108520523372], [13.359038311751744, 52.59108520523372], [13.358029017353095, 52.59101775375513], [13.35567399708958, 52.59088285079796], [13.355202993036878, 52.59088285079796], [13.354126412344984, 52.59091657653725], [13.353722694585525, 52.59088285079796], [13.352175109840928, 52.590815399319375], [13.351771392081469, 52.59078167358008], [13.351300388028767, 52.590747947840796], [13.350829383976063, 52.59068049636221], [13.350223807336873, 52.590613044883625], [13.348608936299033, 52.59030951323], [13.347532355607141, 52.59007343305495], [13.347801500780115, 52.58993853009778], [13.348003359659845, 52.58980362714061], [13.34854165000579, 52.589533821226276], [13.348676222592278, 52.58946636974769], [13.348878081472007, 52.58936519252981], [13.34914722664498, 52.589196563833355], [13.349887375870656, 52.58923028957264], [13.349820089577413, 52.58889303217972], [13.35136767432201, 52.58801616295813], [13.351838678374712, 52.58781380852237], [13.352242396134173, 52.58757772834733], [13.352107823547685, 52.587544002608034], [13.353318976826065, 52.58690321356148], [13.353722694585525, 52.58670085912573], [13.354395557517957, 52.58629615025422], [13.355472138209851, 52.585689086946964], [13.356616005194986, 52.5850820236397], [13.357827158473366, 52.584373783114565], [13.35809630364634, 52.58434005737527], [13.358163589939583, 52.58434005737527], [13.358432735112556, 52.584272605896686], [13.358836452872016, 52.584171428678815], [13.359240170631475, 52.58386789702518], [13.359240170631475, 52.58376671980731], [13.35998031985715, 52.5833620109358], [13.360720469082828, 52.582957302064294], [13.36220076753418, 52.58214788432128], [13.362940916759856, 52.58170944971048], [13.363479207105803, 52.581439643796145], [13.363681065985533, 52.581338466578266], [13.363882924865262, 52.58123728936039], [13.36401749745175, 52.58147336953543], [13.36401749745175, 52.581439643796145], [13.364084783744993, 52.581439643796145], [13.364286642624723, 52.58130474083897], [13.36462307409094, 52.58110238640322], [13.364690360384182, 52.581001209185345], [13.365228650730128, 52.580663951792424], [13.365295937023372, 52.58059650031384], [13.365766941076075, 52.580326694399496], [13.366305231422022, 52.58002316274587], [13.366574376594995, 52.57985453404941], [13.367381812113914, 52.5794498251779], [13.36771824358013, 52.579247470742146], [13.368189247632834, 52.5790113905671], [13.36812196133959, 52.57894393908852], [13.369131255738239, 52.57840432725984], [13.37014055013689, 52.577830989691876], [13.37114984453554, 52.5772913778632], [13.372293711520674, 52.57681921751311], [13.372293711520674, 52.5768529432524], [13.372966574453107, 52.57658313733806], [13.37363943738554, 52.57631333142373], [13.37424501402473, 52.57604352550939], [13.374716018077434, 52.575841171073634], [13.375119735836893, 52.575638816637884], [13.375792598769326, 52.57523410776638], [13.3760617439423, 52.57506547906991], [13.376263602822029, 52.57493057611274], [13.376465461701759, 52.57479567315558], [13.376532747995002, 52.57479567315558], [13.376465461701759, 52.57472822167699], [13.377340183513923, 52.57415488410902], [13.378147619032841, 52.57361527228035], [13.378282191619329, 52.573682723758935], [13.378484050499058, 52.57371644949823], [13.378618623085545, 52.57341291784459], [13.378887768258519, 52.573446643583885], [13.379022340845005, 52.57307566045167], [13.379291486017978, 52.573109386190964], [13.379358772311221, 52.57283958027663], [13.379493344897707, 52.57273840305875], [13.379627917484195, 52.57273840305875], [13.379695203777437, 52.572536048623], [13.379964348950411, 52.572468597144415], [13.380233494123384, 52.57240114566583], [13.38117550222879, 52.572232516969365], [13.38218479662744, 52.572030162533615], [13.382252082920683, 52.572030162533615], [13.382386655507169, 52.572030162533615], [13.382521228093657, 52.57206388827291], [13.383059518439602, 52.57233369418724], [13.384270671717982, 52.571692905140694], [13.387163982327444, 52.57010779539396], [13.388240563019336, 52.5694670063474], [13.387769558966633, 52.569163474693774], [13.389249857417985, 52.56825287973289], [13.389047998538256, 52.56811797677572], [13.388576994485552, 52.56784817086138], [13.388442421899066, 52.5677469936435], [13.388375135605823, 52.56767954216492], [13.38850970819231, 52.56761209068633], [13.388644280778795, 52.567645816425625], [13.389047998538256, 52.56740973625058], [13.389047998538256, 52.56737601051129], [13.389047998538256, 52.5673085590327], [13.388778853365283, 52.56713993033624], [13.388980712245013, 52.56707247885766], [13.388913425951769, 52.567005027379075], [13.389182571124742, 52.56683639868261], [13.390595583282852, 52.5660269809396], [13.390730155869338, 52.56582462650385], [13.390730155869338, 52.565790900764554], [13.390999301042312, 52.56562227206809], [13.391066587335555, 52.56565599780738], [13.391335732508528, 52.56562227206809], [13.391604877681502, 52.565487369110926], [13.392883317253125, 52.5647454028465], [13.393219748719341, 52.56454304841074], [13.39342160759907, 52.56440814545358], [13.393354321305827, 52.564374419714284], [13.393354321305827, 52.56434069397499], [13.393758039065286, 52.56407088806065], [13.39402718423826, 52.56380108214631], [13.39422904311799, 52.56366617918914], [13.394363615704476, 52.56353127623198], [13.39463276087745, 52.563261470317634], [13.394901906050423, 52.562957938664006], [13.39523833751664, 52.562620681271085], [13.39523833751664, 52.56258695553179], [13.395911200449072, 52.56181126352807], [13.396113059328801, 52.56147400613515], [13.396247631915289, 52.56130537743869], [13.396314918208532, 52.56106929726364], [13.396382204501775, 52.56086694282789], [13.396516777088262, 52.56042850821709], [13.396651349674748, 52.55992262212771], [13.396785922261236, 52.55941673603832], [13.396987781140965, 52.558809672731066], [13.396987781140965, 52.55843868959885], [13.397055067434207, 52.55840496385956], [13.397122353727452, 52.55827006090239], [13.397189640020695, 52.55789907777017], [13.397122353727452, 52.55789907777017], [13.397122353727452, 52.557393191680795], [13.397189640020695, 52.55708966002716], [13.397189640020695, 52.55678612837353], [13.397189640020695, 52.55634769376273], [13.397324212607181, 52.555639453237596], [13.397391498900424, 52.55523474436609], [13.397526071486912, 52.554964938451754], [13.397526071486912, 52.554863761233875], [13.397593357780154, 52.55462768105883], [13.397660644073397, 52.554425326623075], [13.39772793036664, 52.55412179496945], [13.397862502953128, 52.55375081183723], [13.397862502953128, 52.553649634619354], [13.397997075539614, 52.553211200008555], [13.398064361832857, 52.55280649113705], [13.398064361832857, 52.55273903965847], [13.398064361832857, 52.5526041367013], [13.397997075539614, 52.552368056526255], [13.397997075539614, 52.55219942782979], [13.397929789246371, 52.55196334765475], [13.397795216659885, 52.55176099321899], [13.397795216659885, 52.551693541740406], [13.39772793036664, 52.55165981600111], [13.397660644073397, 52.55142373582607], [13.397526071486912, 52.55132255860819], [13.397458785193669, 52.55122138139032], [13.397324212607181, 52.55112020417244], [13.397256926313938, 52.551052752693856], [13.397256926313938, 52.55101902695456], [13.397189640020695, 52.55098530121527], [13.397055067434207, 52.55088412399739], [13.396853208554479, 52.550715495300935], [13.397189640020695, 52.55074922104023], [13.398131648126101, 52.55081667251881], [13.398871797351777, 52.55088412399739], [13.399006369938263, 52.55020960921155], [13.39914094252475, 52.54946764294712], [13.399208228817994, 52.549062934075614], [13.400015664336912, 52.54724174415384], [13.400284809509886, 52.546668406585866], [13.400352095803129, 52.54643232641082], [13.400823099855833, 52.54548800571064], [13.401226817615292, 52.544678587967624], [13.40237068460043, 52.54248641491363], [13.402841688653131, 52.54150836847416], [13.403110833826105, 52.54106993386336], [13.403379978999078, 52.54049659629539], [13.403514551585564, 52.540226790381055], [13.401832394254482, 52.53972090429167], [13.401495962788266, 52.539653452813084], [13.400621240976102, 52.53938364689875], [13.4001502369234, 52.53924874394158], [13.399275515111237, 52.539012663766535], [13.399006369938263, 52.53894521228795], [13.397795216659885, 52.53860795489503], [13.396314918208532, 52.53816952028423], [13.39584391415583, 52.53806834306635], [13.393488893892313, 52.5374275540198], [13.393219748719341, 52.53725892532334], [13.392883317253125, 52.537056570887586], [13.392479599493663, 52.53678676497325], [13.392345026907178, 52.536719313494665], [13.391470305095014, 52.53614597592669], [13.390393724403122, 52.53547146114085], [13.390124579230148, 52.53537028392297], [13.389653575177446, 52.53489812357289], [13.388307849312579, 52.53375144843695], [13.388240563019336, 52.53361654547978], [13.387971417846362, 52.53324556234757], [13.38770227267339, 52.53314438512969], [13.38770227267339, 52.53317811086898], [13.387634986380146, 52.533211836608274], [13.387567700086903, 52.53327928808686], [13.387231268620686, 52.53348164252261], [13.386221974222037, 52.53429106026562], [13.385212679823388, 52.53516792948722], [13.384876248357171, 52.535404009662265], [13.384607103184198, 52.535640089837315], [13.383463236199063, 52.53658441053749], [13.383059518439602, 52.536921667930415], [13.382386655507169, 52.537495005498386], [13.38218479662744, 52.53766363419485], [13.382117510334195, 52.53773108567343], [13.380637211882844, 52.539147566723706], [13.380031635243654, 52.53975463003096], [13.379897062657168, 52.53992325872743], [13.37976249007068, 52.54005816168459], [13.379695203777437, 52.54012561316318], [13.379560631190952, 52.540091887423884], [13.379493344897707, 52.540091887423884], [13.377811187566625, 52.53908011524512], [13.376532747995002, 52.53833814898069], [13.376330889115273, 52.53820324602352], [13.376129030235543, 52.53810206880564], [13.376196316528786, 52.53806834306635], [13.374917876957163, 52.53732637680192], [13.374581445490946, 52.53702284514829], [13.373774009972028, 52.53752873123768], [13.37323571962608, 52.53789971436989], [13.372966574453107, 52.538034617327064], [13.368592965392294, 52.53597734723024], [13.368054675046347, 52.53648323331962], [13.367852816166618, 52.536618136276786], [13.366708949181481, 52.536078524448115], [13.366574376594995, 52.53590989575165], [13.366372517715265, 52.535842444273065], [13.365901513662562, 52.53567381557661], [13.365834227369318, 52.53567381557661], [13.368256533926077, 52.53331301382615], [13.368458392805806, 52.53327928808686], [13.36852567909905, 52.53327928808686], [13.368996683151753, 52.53280712773677], [13.369198542031484, 52.532571047561724], [13.369265828324727, 52.532469870343846], [13.369602259790943, 52.53209888721163], [13.369804118670674, 52.53186280703658], [13.370073263843645, 52.53155927538295], [13.370342409016619, 52.53118829225074], [13.370476981603106, 52.53098593781499], [13.370678840482835, 52.53071613190065], [13.370880699362566, 52.53044632598631], [13.370947985655809, 52.530378874507726], [13.371082558242296, 52.53021024581127], [13.371351703415268, 52.52997416563622], [13.371889993761215, 52.52943455380755], [13.372159138934189, 52.529164747893205], [13.372226425227431, 52.52906357067533], [13.372360997813917, 52.528962393457455], [13.372899288159864, 52.52855768458595], [13.373101147039595, 52.5283553301502], [13.373303005919324, 52.52822042719303], [13.373437578505811, 52.528085524235856], [13.373572151092297, 52.52795062127869], [13.373572151092297, 52.5279168955394], [13.37363943738554, 52.5279168955394], [13.37384129626527, 52.52771454110364], [13.37384129626527, 52.52768081536435], [13.373774009972028, 52.52768081536435], [13.373774009972028, 52.527647089625056], [13.373774009972028, 52.52761336388576], [13.373774009972028, 52.5274784609286], [13.37384129626527, 52.52734355797143], [13.37384129626527, 52.527208655014256], [13.37384129626527, 52.527107477796385], [13.373774009972028, 52.52697257483921], [13.373706723678785, 52.52683767188204], [13.37363943738554, 52.52673649466417], [13.373504864799054, 52.52663531744629], [13.373370292212568, 52.526534140228414], [13.371082558242296, 52.526534140228414], [13.371015271949052, 52.52650041448912], [13.371015271949052, 52.525657271006814], [13.371015271949052, 52.52538746509248], [13.371015271949052, 52.52521883639602], [13.371351703415268, 52.525016481960265], [13.371620848588242, 52.524814127524515], [13.371688134881484, 52.52478040178522], [13.371688134881484, 52.52366745238858], [13.371688134881484, 52.523600000909994], [13.37175542117473, 52.523600000909994], [13.37175542117473, 52.5235662751707], [13.37175542117473, 52.52353254943141], [13.371688134881484, 52.52343137221353], [13.371688134881484, 52.52339764647424], [13.371688134881484, 52.52279058316698], [13.3720245663477, 52.52279058316698], [13.372159138934189, 52.52279058316698], [13.372360997813917, 52.52279058316698], [13.372562856693648, 52.52279058316698], [13.372832001866621, 52.52275685742769], [13.373168433332838, 52.522723131688394], [13.373437578505811, 52.52265568020981], [13.373706723678785, 52.52258822873122], [13.373975868851756, 52.522520777252645], [13.374177727731487, 52.522419600034766], [13.37444687290446, 52.52231842281689], [13.374783304370677, 52.52214979412043], [13.375119735836893, 52.52194743968467], [13.375321594716624, 52.521846262466795], [13.375388881009867, 52.521846262466795], [13.375388881009867, 52.52177881098821], [13.375523453596353, 52.52167763377034], [13.37585988506257, 52.521306650638124], [13.375927171355812, 52.52123919915954], [13.375927171355812, 52.52117174768095], [13.375994457649057, 52.521003118984495], [13.375994457649057, 52.52080076454874], [13.3760617439423, 52.52059841011299], [13.376129030235543, 52.52036232993794], [13.376196316528786, 52.52026115272006], [13.376196316528786, 52.52015997550219], [13.376263602822029, 52.52005879828431], [13.376398175408516, 52.519991346805725], [13.376532747995002, 52.51985644384855], [13.37666732058149, 52.519788992369975], [13.376734606874733, 52.51972154089139], [13.376869179461218, 52.5196540894128], [13.376869179461218, 52.51948546071634], [13.376869179461218, 52.51941800923776], [13.376869179461218, 52.51931683201988], [13.376869179461218, 52.519215654802004], [13.376869179461218, 52.51796780244819], [13.376869179461218, 52.51779917375173], [13.376936465754461, 52.51763054505527], [13.377205610927435, 52.517158384705176], [13.377205610927435, 52.51712465896589], [13.377205610927435, 52.5170909332266], [13.377138324634192, 52.517057207487305], [13.377138324634192, 52.51702348174801], [13.377138324634192, 52.51698975600872], [13.377205610927435, 52.516922304530134], [13.377205610927435, 52.51685485305155], [13.377205610927435, 52.51678740157296], [13.377138324634192, 52.51678740157296], [13.377138324634192, 52.51675367583367], [13.377138324634192, 52.516719950094384], [13.377071038340949, 52.516719950094384], [13.376936465754461, 52.5166524986158], [13.376734606874733, 52.51651759565863], [13.376734606874733, 52.516483869919334], [13.37666732058149, 52.516382692701455], [13.376600034288245, 52.51631524122288], [13.37666732058149, 52.51611288678712], [13.376734606874733, 52.516045435308534], [13.376734606874733, 52.51597798382995], [13.376801893167976, 52.51594425809066], [13.376869179461218, 52.51591053235137], [13.377003752047706, 52.515843080872784], [13.377138324634192, 52.51580935513349], [13.377205610927435, 52.5157756293942], [13.37727289722068, 52.515741903654906], [13.377340183513923, 52.51570817791561], [13.377407469807165, 52.51564072643703], [13.377340183513923, 52.515404646261985], [13.377205610927435, 52.51479758295473], [13.37666732058149, 52.51277403859719], [13.376801893167976, 52.51253795842214], [13.376801893167976, 52.512470506943565], [13.376734606874733, 52.512234426768515], [13.376801893167976, 52.512234426768515], [13.376801893167976, 52.51220070102922], [13.37666732058149, 52.51149246050409], [13.376532747995002, 52.510817945718244], [13.376532747995002, 52.510716768500366], [13.376465461701759, 52.51068304276107], [13.376465461701759, 52.51044696258603], [13.376398175408516, 52.51021088241098], [13.376398175408516, 52.50899675579646], [13.376734606874733, 52.50869322414283], [13.376936465754461, 52.50855832118567], [13.377205610927435, 52.50832224101062], [13.377340183513923, 52.50822106379274], [13.377676614980139, 52.5079512578784], [13.377878473859868, 52.50781635492124], [13.378955054551762, 52.50693948569964], [13.379426058604464, 52.50693948569964], [13.382386655507169, 52.5071081143961], [13.385414538703118, 52.507310468831854], [13.385750970169335, 52.50734419457115], [13.390191865523391, 52.50758027474619], [13.390528296989608, 52.50761400048548], [13.392143168027447, 52.50768145196407], [13.392479599493663, 52.50771517770336], [13.39402718423826, 52.50781635492124], [13.394363615704476, 52.507850080660525], [13.396045773035558, 52.5079512578784], [13.397055067434207, 52.507984983617696], [13.398804511058534, 52.50811988657487], [13.398804511058534, 52.508086160835575], [13.399208228817994, 52.508086160835575], [13.399611946577453, 52.50855832118567], [13.400015664336912, 52.50909793301434], [13.400217523216643, 52.50936773892868], [13.400890386149076, 52.50913165875363], [13.401226817615292, 52.50903048153575], [13.401428676495023, 52.50899675579646], [13.402101539427456, 52.508726949882124], [13.402774402359888, 52.508524595446374], [13.40324540641259, 52.50832224101062], [13.403649124172052, 52.50818733805345], [13.40385098305178, 52.508086160835575], [13.404052841931511, 52.507984983617696], [13.404321987104485, 52.507850080660525], [13.40445655969097, 52.507782629181946], [13.404591132277458, 52.50788380639982], [13.404658418570701, 52.50791753213911], [13.405263995209891, 52.50822106379274], [13.406138717022053, 52.50758027474619], [13.406407862195026, 52.50737792031044], [13.406609721074757, 52.50724301735327], [13.407349870300433, 52.50663595404601], [13.407417156593676, 52.5066696797853], [13.407820874353135, 52.506332422392376], [13.407820874353135, 52.50629869665308], [13.408022733232865, 52.50616379369592], [13.408157305819351, 52.506231245174504], [13.408762882458541, 52.50646732534955], [13.409435745390974, 52.50673713126388], [13.409974035736921, 52.50693948569964], [13.41138704789503, 52.50505084429928], [13.411521620481517, 52.50488221560281], [13.41179076565449, 52.504781038384934], [13.413338350399085, 52.504275152295556], [13.414078499624763, 52.504039072120506], [13.414213072211249, 52.50417397507768], [13.414347644797736, 52.504342603774134], [13.414616789970708, 52.50467986116706], [13.414616789970708, 52.504781038384934], [13.414885935143682, 52.504915941342105], [13.416769951354494, 52.50441005525272], [13.41710638282071, 52.50430887803485], [13.417308241700441, 52.50424142655626], [13.417577386873413, 52.50417397507768], [13.418182963512603, 52.505017118559984], [13.418384822392333, 52.50498339282069], [13.41851939497882, 52.50498339282069], [13.418788540151793, 52.505017118559984], [13.41892311273828, 52.50505084429928], [13.41892311273828, 52.50508457003857], [13.418990399031523, 52.505118295777855], [13.419057685324766, 52.50515202151715], [13.41912497161801, 52.50518574725644], [13.41912497161801, 52.505253198735026], [13.419461403084226, 52.50565790760653], [13.419528689377469, 52.50562418186724], [13.419663261963956, 52.50559045612795], [13.419865120843687, 52.50552300464936], [13.420336124896389, 52.5053881016922], [13.420874415242336, 52.505253198735026], [13.421143560415308, 52.50518574725644], [13.421412705588281, 52.505118295777855], [13.421547278174769, 52.50508457003857], [13.421816423347742, 52.50505084429928], [13.422085568520714, 52.505017118559984], [13.422287427400445, 52.505017118559984], [13.422691145159904, 52.50498339282069], [13.422893004039635, 52.50498339282069], [13.42302757662612, 52.50498339282069], [13.423229435505851, 52.50498339282069], [13.423364008092337, 52.50498339282069], [13.42363315326531, 52.505017118559984], [13.423700439558553, 52.505017118559984], [13.423969584731527, 52.505017118559984], [13.424373302490986, 52.50508457003857], [13.42444058878423, 52.50508457003857], [13.424709733957203, 52.505118295777855], [13.424978879130176, 52.50518574725644], [13.425113451716664, 52.505219472995734], [13.425315310596392, 52.50528692447432], [13.425517169476123, 52.50532065021361], [13.42585360094234, 52.50542182743149], [13.42645917758153, 52.505691633345826], [13.426728322754503, 52.505792810563705], [13.426997467927475, 52.50572535908512], [13.427199326807205, 52.50565790760653], [13.427468471980179, 52.505995164999455], [13.428275907499097, 52.50717556587468], [13.428410480085585, 52.50741164604973], [13.428814197845044, 52.507984983617696], [13.429016056724775, 52.50805243509628], [13.429419774484234, 52.50855832118567], [13.43056364146937, 52.50801870935699], [13.431909367334237, 52.50744537178902], [13.432111226213966, 52.50734419457115], [13.432313085093696, 52.50724301735327], [13.433995242424778, 52.50636614813167], [13.434197101304509, 52.5062649709138], [13.434398960184238, 52.50609634221733], [13.435475540876132, 52.50565790760653], [13.435879258635591, 52.5053881016922], [13.435946544928834, 52.5053881016922], [13.436148403808565, 52.50528692447432], [13.436148403808565, 52.505219472995734], [13.437023125620726, 52.50461240968848], [13.437157698207214, 52.50454495820989], [13.437561415966673, 52.50437632951343], [13.43789784743289, 52.50424142655626], [13.43850342407208, 52.50397162064192], [13.43850342407208, 52.50400534638121], [13.440387440282892, 52.50333083159537], [13.441329448388299, 52.502959848463156], [13.441464020974784, 52.50292612272386], [13.444828335636949, 52.501307287237836], [13.445164767103165, 52.50113865854138], [13.445972202622086, 52.50073394966987], [13.44651049296803, 52.50049786949482], [13.446779638141004, 52.50039669227695], [13.448461795472086, 52.499890806187565], [13.448394509178843, 52.49985708044827], [13.448596368058574, 52.49978962896969], [13.44893279952479, 52.49965472601252], [13.449000085818033, 52.49968845175181], [13.449605662457223, 52.49948609731606], [13.450211239096413, 52.49918256566243], [13.45014395280317, 52.49918256566243], [13.450278525389656, 52.49914883992314], [13.450345811682899, 52.49904766270526], [13.450345811682899, 52.49894648548738], [13.450211239096413, 52.49884530826951], [13.450614956855873, 52.498676679573045], [13.450816815735603, 52.49884530826951], [13.451018674615332, 52.49891275974809], [13.451085960908577, 52.49891275974809], [13.451220533495063, 52.49891275974809], [13.451287819788305, 52.49891275974809], [13.451355106081548, 52.49891275974809], [13.451489678668036, 52.49891275974809], [13.451624251254522, 52.49884530826951], [13.451624251254522, 52.498811582530216], [13.451691537547765, 52.49877785679092], [13.451691537547765, 52.49874413105163], [13.452162541600469, 52.498440599398], [13.452162541600469, 52.498474325137295], [13.452229827893712, 52.498474325137295], [13.452364400480198, 52.49840687365871], [13.452700831946416, 52.498238244962245], [13.452768118239659, 52.49810334200508], [13.452768118239659, 52.49806961626579], [13.452700831946416, 52.498035890526495], [13.452700831946416, 52.4980021647872], [13.453373694878849, 52.49753000443711], [13.452700831946416, 52.4975637301764], [13.452095255307226, 52.49749627869782], [13.45175882384101, 52.49742882721923], [13.451422392374793, 52.49732765000136], [13.451220533495063, 52.49722647278348], [13.450884102028846, 52.49709156982631], [13.450614956855873, 52.496956666869146], [13.450682243149116, 52.49692294112985], [13.450614956855873, 52.49685548965127], [13.450278525389656, 52.49661940947622], [13.450076666509926, 52.49648450651905], [13.450009380216683, 52.49641705504047], [13.44994209392344, 52.496383329301175], [13.44974023504371, 52.496248426344], [13.447856218832898, 52.49483194529373], [13.447788932539654, 52.49479821955444], [13.447654359953168, 52.494730768075854], [13.447587073659925, 52.49469704233656], [13.447452501073437, 52.49466331659727], [13.447250642193708, 52.49462959085798], [13.447183355900465, 52.49462959085798], [13.446981497020735, 52.49462959085798], [13.446914210727492, 52.49462959085798], [13.44651049296803, 52.49469704233656], [13.446375920381545, 52.494730768075854], [13.446308634088302, 52.494730768075854], [13.446241347795059, 52.494730768075854], [13.446106775208571, 52.494730768075854], [13.445837630035598, 52.494730768075854], [13.445770343742355, 52.49469704233656], [13.445501198569382, 52.49462959085798], [13.445366625982896, 52.49459586511869], [13.44523205339641, 52.4945621393794], [13.445097480809922, 52.49449468790081], [13.444962908223436, 52.494427236422226], [13.444693763050463, 52.494224881986476], [13.444559190463975, 52.494089979029305], [13.443549896065326, 52.493348012764876], [13.44260788795992, 52.49260604650045], [13.441262162095054, 52.491560548582385], [13.440791158042352, 52.49118956545017], [13.440656585455864, 52.49112211397159], [13.440589299162621, 52.491054662493006], [13.440454726576135, 52.49098721101442], [13.440320153989648, 52.490919759535835], [13.440252867696405, 52.49085230805725], [13.440051008816676, 52.490717405100085], [13.439916436230188, 52.49061622788221], [13.439849149936945, 52.490481324925035], [13.439781863643702, 52.49034642196787], [13.43971457735046, 52.49011034179282], [13.439647291057215, 52.48990798735707], [13.439983722523431, 52.48973935866061], [13.440252867696405, 52.48960445570344], [13.440589299162621, 52.489402101267686], [13.442136883907217, 52.48866013500326], [13.442338742786948, 52.488525232046086], [13.442877033132893, 52.48825542613175], [13.443146178305867, 52.48815424891387], [13.444222758997759, 52.48758091134591], [13.44442461787749, 52.48744600838874], [13.446779638141004, 52.488963666656886], [13.447452501073437, 52.488626409263965], [13.447587073659925, 52.488525232046086], [13.448529081765331, 52.488053071696], [13.448663654351817, 52.487985620217415], [13.44873094064506, 52.48801934595671], [13.448865513231548, 52.48795189447812], [13.450345811682899, 52.48707502525652], [13.450413097976142, 52.48714247673511], [13.450614956855873, 52.48704129951723], [13.451018674615332, 52.48683894508148], [13.451220533495063, 52.4867377678636], [13.451489678668036, 52.48660286490643], [13.452162541600469, 52.48626560751351], [13.453508267465335, 52.48559109272767], [13.453710126345065, 52.485456189770495], [13.453911985224794, 52.48535501255262], [13.45606514660858, 52.484242063155975], [13.456267005488309, 52.484376966113146], [13.456805295834256, 52.484815400723946], [13.457814590232905, 52.48559109272767], [13.458151021699122, 52.48582717290271], [13.458352880578852, 52.485692269945545], [13.458554739458581, 52.48552364124908], [13.458622025751826, 52.48548991550979], [13.459093029804528, 52.485118932377574], [13.459564033857232, 52.48484912646324], [13.461178904895071, 52.483702451327304], [13.461178904895071, 52.48353382263084], [13.461246191188314, 52.48350009689155], [13.46239005817345, 52.48269067914853], [13.463533925158586, 52.48184753566623], [13.465148796196425, 52.480734586269584], [13.465956231715344, 52.48012752296233], [13.466965526113993, 52.479453008176485], [13.468042106805887, 52.478677316172764], [13.469051401204537, 52.478002801386914], [13.470060695603186, 52.477260835122486], [13.470598985949133, 52.47688985199027], [13.470531699655888, 52.476822400511686], [13.470397127069402, 52.47601298276868], [13.470262554482915, 52.475709451115044], [13.469993409309943, 52.47483258189345], [13.469589691550482, 52.473989438411145], [13.469589691550482, 52.47378708397539], [13.469589691550482, 52.4737196324968], [13.469656977843727, 52.47361845527893], [13.46972426413697, 52.47351727806105], [13.469791550430212, 52.47334864936459], [13.469926123016698, 52.47314629492884], [13.469993409309943, 52.47304511771096], [13.470060695603186, 52.472977666232374], [13.470127981896429, 52.47294394049308], [13.470598985949133, 52.4724380544037], [13.471002703708592, 52.472033345532196], [13.471944711813999, 52.47108902483201], [13.4724157158667, 52.47065059022121], [13.472684861039674, 52.47041451004617], [13.472886719919405, 52.47021215561042], [13.472886719919405, 52.470178429871126], [13.472954006212648, 52.47014470413183], [13.473694155438324, 52.4694364636067], [13.474972595009946, 52.468188611252884], [13.475174453889677, 52.46801998255642], [13.475309026476163, 52.467885079599256], [13.475578171649136, 52.467648999424206], [13.476183748288326, 52.46727801629199], [13.476318320874812, 52.46714311333482], [13.478067764499137, 52.465456826370215], [13.47833690967211, 52.465220746195165], [13.478404195965355, 52.46511956897729], [13.478471482258598, 52.46498466602012], [13.478471482258598, 52.46488348880224], [13.478538768551841, 52.464445054191444], [13.478538768551841, 52.46397289384136], [13.477327615273461, 52.46221915539816], [13.477193042686975, 52.46198307522312], [13.477125756393733, 52.461949349483824], [13.475780030528865, 52.46090385156577], [13.475376312769406, 52.46026306251921], [13.475309026476163, 52.46016188530133], [13.475309026476163, 52.46006070808346], [13.47524174018292, 52.45995953086558], [13.475174453889677, 52.459892079387], [13.474972595009946, 52.45948737051549], [13.474972595009946, 52.45918383886186], [13.474972595009946, 52.459116387383276], [13.474972595009946, 52.45881285572965], [13.474972595009946, 52.458779129990354], [13.473357723972107, 52.45881285572965], [13.472617574746431, 52.45884658146894], [13.472213856986972, 52.45884658146894], [13.472079284400484, 52.45884658146894], [13.471877425520754, 52.45884658146894], [13.471810139227511, 52.45884658146894], [13.464745078436966, 52.45904893590469], [13.464004929211288, 52.45904893590469], [13.462861062226153, 52.45908266164398], [13.461515336361288, 52.459116387383276], [13.458218307992365, 52.459217564601154], [13.457343586180203, 52.45925129034045], [13.45727629988696, 52.459217564601154], [13.457209013593715, 52.45925129034045], [13.457141727300472, 52.45925129034045], [13.457007154713986, 52.459217564601154], [13.457007154713986, 52.45918383886186], [13.457007154713986, 52.45915011312257], [13.457007154713986, 52.459116387383276], [13.457007154713986, 52.45904893590469], [13.457209013593715, 52.45884658146894], [13.457209013593715, 52.458779129990354], [13.45727629988696, 52.458677952772476], [13.457545445059932, 52.45827324390097], [13.458823884631554, 52.45672185989353], [13.4588911709248, 52.45658695693636], [13.459025743511285, 52.456485779718484], [13.459025743511285, 52.45645205397919], [13.46037146937615, 52.45449596110024], [13.460438755669394, 52.45436105814307], [13.460707900842367, 52.45399007501086], [13.460707900842367, 52.453888897792986], [13.461313477481557, 52.453012028571386], [13.4613807637748, 52.45291085135351], [13.461448050068043, 52.452877125614215], [13.461448050068043, 52.45284339987492], [13.461515336361288, 52.45280967413563], [13.461717195241016, 52.45264104543917], [13.46178448153426, 52.452539868221294], [13.462053626707233, 52.45216888508908], [13.462322771880206, 52.451797901956866], [13.46259191705318, 52.45149437030324], [13.46259191705318, 52.451460644563944], [13.462659203346423, 52.45129201586748], [13.462659203346423, 52.45125829012819], [13.462659203346423, 52.4512245643889], [13.462659203346423, 52.45119083864961], [13.462726489639666, 52.4512245643889], [13.462861062226153, 52.45112338717102], [13.462928348519396, 52.451157112910316], [13.46299563481264, 52.45112338717102], [13.463062921105882, 52.45108966143173], [13.463264779985613, 52.4507861297781], [13.463466638865343, 52.450583775342345], [13.463735784038315, 52.45031396942801], [13.463937642918046, 52.45017906647084], [13.464206788091019, 52.44997671203509], [13.464745078436966, 52.44963945464217], [13.465148796196425, 52.449369648727824], [13.465619800249128, 52.44909984281349], [13.466158090595075, 52.44883003689915], [13.467571102753183, 52.448155522113304], [13.468378538272104, 52.4477508132418], [13.469522405257239, 52.44717747567383], [13.472684861039674, 52.44562609166639], [13.47584731682211, 52.44410843339824], [13.476183748288326, 52.44397353044107], [13.47625103458157, 52.44393980470178], [13.476520179754543, 52.44387235322319], [13.476654752341028, 52.443838627483906], [13.477327615273461, 52.44350137009098], [13.478000478205894, 52.44316411269806], [13.478135050792382, 52.44309666121947], [13.478269623378868, 52.44302920974089], [13.478269623378868, 52.4429954840016], [13.478404195965355, 52.44289430678372], [13.478404195965355, 52.44286058104443], [13.478471482258598, 52.442826855305135], [13.478471482258598, 52.44279312956584], [13.478538768551841, 52.44279312956584], [13.478673341138327, 52.44272567808726], [13.478740627431572, 52.44272567808726], [13.479077058897788, 52.4425570493908], [13.479144345191031, 52.44252332365151], [13.484190817184277, 52.44006134468317], [13.484258103477522, 52.44002761894388], [13.484325389770765, 52.43999389320459], [13.484392676064008, 52.43999389320459], [13.484527248650494, 52.4399601674653], [13.484661821236982, 52.43992644172601], [13.484729107530224, 52.439892715986716], [13.484796393823467, 52.439892715986716], [13.485267397876171, 52.439656635811666], [13.48587297451536, 52.43935310415804], [13.487151414086982, 52.43874604085078], [13.488968144004552, 52.43783544588989], [13.489102716591038, 52.437801720150595], [13.489170002884283, 52.4377679944113], [13.489170002884283, 52.43770054293272], [13.489304575470769, 52.437599365714846], [13.489371861764011, 52.43753191423626], [13.491726882027528, 52.436385239100325], [13.49441833375726, 52.435069935267926], [13.494485620050503, 52.43503620952863], [13.494552906343745, 52.43503620952863], [13.494889337809962, 52.43493503231076], [13.495091196689692, 52.43490130657147], [13.497109785486991, 52.43392326013199], [13.497177071780234, 52.433855808653405], [13.49751350324645, 52.43358600273907], [13.497580789539693, 52.43355227699978], [13.497782648419424, 52.4334510997819], [13.497782648419424, 52.433417374042605], [13.497849934712667, 52.43338364830332], [13.497984507299154, 52.43334992256403], [13.498051793592397, 52.433316196824734], [13.498186366178883, 52.43328247108544], [13.498388225058614, 52.43324874534615], [13.498455511351857, 52.433215019606855], [13.4985227976451, 52.433215019606855], [13.499262946870777, 52.43284403647464], [13.500003096096453, 52.43250677908172], [13.500743245322129, 52.432135795949506], [13.502559975239699, 52.43125892672791], [13.504376705157267, 52.430348331767014], [13.505991576195106, 52.429606365502586], [13.506395293954567, 52.42937028532754], [13.506933584300512, 52.429167930891786], [13.507135443180243, 52.429066753673915], [13.507404588353216, 52.42896557645604], [13.507942878699161, 52.42876322202028], [13.508683027924839, 52.428493416105944], [13.509086745684298, 52.42835851314878], [13.509355890857272, 52.428291061670194], [13.509557749737, 52.42822361019161], [13.510028753789705, 52.42808870723444], [13.510297898962678, 52.42798753001656], [13.51056704413565, 52.42792007853798], [13.510836189308623, 52.427852627059394], [13.51137447965457, 52.42771772410222], [13.51177819741403, 52.427616546884344], [13.512114628880246, 52.427549095405766], [13.512720205519436, 52.42744791818789], [13.513393068451869, 52.427313015230716], [13.514065931384302, 52.42721183801284], [13.514873366903222, 52.427110660794966], [13.515209798369439, 52.42704320931638], [13.515546229835655, 52.42700948357709], [13.515882661301871, 52.426975757837795], [13.516219092768088, 52.426975757837795], [13.516555524234304, 52.4269420320985], [13.516824669407278, 52.42690830635921], [13.517362959753223, 52.426874580619916], [13.519381548550523, 52.426773403402045], [13.519785266309983, 52.42673967766275], [13.519919838896469, 52.42673967766275], [13.519987125189711, 52.42670595192346], [13.520121697776199, 52.42667222618417], [13.520256270362685, 52.42660477470558], [13.520458129242416, 52.42660477470558], [13.520458129242416, 52.42657104896629], [13.520525415535658, 52.42657104896629], [13.520525415535658, 52.426537323226995], [13.520458129242416, 52.42623379157337], [13.520458129242416, 52.426098888616195], [13.520390842949173, 52.42603143713762], [13.520390842949173, 52.42596398565903], [13.520188984069442, 52.42569417974469], [13.519583407430252, 52.42471613330522], [13.519583407430252, 52.42461495608734], [13.519179689670793, 52.4239404413015], [13.518775971911333, 52.42343455521211], [13.518439540445117, 52.42289494338344], [13.518574113031603, 52.42255768599051], [13.518641399324846, 52.42225415433688], [13.518775971911333, 52.42211925137972], [13.51891054449782, 52.42201807416184], [13.51951612113701, 52.42141101085458], [13.519919838896469, 52.421343559376], [13.520188984069442, 52.42104002772236], [13.520525415535658, 52.42083767328661], [13.520659988122144, 52.42019688424006], [13.520861847001875, 52.41955609519351], [13.52160199622755, 52.418881580407664], [13.522140286573498, 52.418443145796864], [13.522140286573498, 52.41830824283969], [13.522140286573498, 52.4178698082289], [13.522140286573498, 52.417363922139515], [13.522140286573498, 52.417229019182344], [13.52220757286674, 52.416925487528715], [13.522476718039714, 52.41625097274287], [13.52281314950593, 52.415711360914194], [13.522947722092418, 52.41544155499986], [13.522274859159984, 52.41442978282109], [13.522611290626202, 52.41432860560322], [13.522611290626202, 52.41415997690675], [13.52382244390458, 52.41368781655666], [13.524091589077553, 52.41358663933879], [13.523620585024851, 52.41318193046728], [13.52321686726539, 52.4126423186386], [13.52341872614512, 52.41240623846356], [13.523015008385661, 52.41213643254922], [13.523284153558635, 52.41183290089559], [13.523486012438363, 52.41166427219913], [13.522947722092418, 52.411023483152576], [13.52321686726539, 52.410821128716826], [13.523015008385661, 52.41031524262744], [13.522745863212688, 52.409607002102305], [13.522611290626202, 52.409269744709384], [13.522342145453228, 52.408527778444956], [13.522274859159984, 52.4083254240092], [13.521803855107281, 52.4074485547876], [13.521669282520795, 52.40727992609114], [13.521332851054579, 52.406976394437514], [13.520996419588363, 52.40670658852317], [13.520592701828901, 52.40640305686954], [13.520727274415389, 52.406301879651664], [13.520592701828901, 52.406234428173086], [13.519045117084307, 52.40512147877644], [13.519314262257279, 52.40495285007998], [13.518775971911333, 52.404683044165644], [13.518372254151872, 52.40437951251201], [13.517564818632954, 52.40387362642263], [13.517026528287007, 52.403570094768995], [13.516622810527547, 52.40333401459395], [13.516959241993764, 52.40282812850457], [13.516017233888357, 52.40218733945802], [13.516017233888357, 52.401850082065096], [13.516017233888357, 52.40178263058651], [13.515613516128898, 52.40168145336863], [13.514671508023492, 52.40144537319359], [13.514133217677545, 52.401276744497125], [13.513864072504573, 52.401209293018546], [13.513729499918085, 52.40117556727925], [13.513527641038356, 52.40114184153996], [13.513056636985652, 52.40104066432208], [13.51177819741403, 52.40080458414704], [13.510096040082948, 52.40056850397199], [13.509154031977541, 52.40039987527553], [13.508144737578892, 52.40026497231836], [13.505722431022134, 52.39989398918615], [13.503972987397807, 52.39969163475039], [13.501012390495102, 52.39935437735747], [13.500675959028886, 52.399320651618176], [13.499195660577533, 52.39908457144313], [13.49751350324645, 52.3988147655288], [13.497446216953207, 52.3988147655288], [13.496167777381585, 52.398679862571626], [13.49502391039645, 52.39857868535375], [13.494283761170772, 52.39844378239658], [13.492938035305906, 52.398207702221534], [13.492063313493745, 52.39807279926437], [13.491121305388338, 52.39787044482861], [13.490583015042391, 52.397769267610734], [13.490044724696444, 52.397701816132155], [13.48789156331266, 52.39753318743569], [13.486747696327523, 52.397465735957105], [13.48647855115455, 52.39743201021781], [13.48567111563563, 52.397263381521356], [13.484392676064008, 52.3970610270856], [13.483517954251845, 52.396926124128434], [13.481297506574816, 52.39635278656046], [13.479749921830221, 52.395948077688956], [13.47934620407076, 52.397769267610734], [13.479144345191031, 52.39857868535375], [13.479077058897788, 52.39918574866101], [13.479009772604543, 52.399860263446854], [13.4789424863113, 52.399995166404025], [13.478807913724815, 52.40039987527553], [13.478606054845084, 52.40073713266845], [13.478269623378868, 52.401276744497125], [13.478135050792382, 52.40158027615076], [13.47773133303292, 52.40252459685094], [13.477664046739678, 52.40265949980811], [13.477596760446435, 52.402726951286695], [13.477596760446435, 52.403064208679616], [13.477664046739678, 52.40323283737607], [13.477664046739678, 52.40333401459395], [13.477596760446435, 52.40343519181183], [13.477529474153192, 52.403502643290416], [13.477529474153192, 52.40353636902971], [13.477462187859949, 52.403570094768995], [13.477327615273461, 52.403704997726166], [13.477260328980218, 52.403806174944044], [13.477058470100488, 52.4039748036405], [13.476923897514002, 52.40410970659767], [13.476856611220759, 52.404244609554844], [13.476789324927516, 52.40431206103343], [13.476789324927516, 52.404446963990594], [13.476722038634271, 52.404581866947765], [13.476654752341028, 52.404683044165644], [13.4764528934613, 52.405020301558565], [13.476318320874812, 52.40525638173361], [13.475981889408596, 52.40593089651945], [13.475914603115353, 52.406099525215915], [13.47584731682211, 52.406234428173086], [13.47564545794238, 52.40650423408742], [13.475443599062649, 52.40680776574105], [13.474165159491026, 52.40866268140212], [13.474097873197783, 52.40879758435929], [13.47403058690454, 52.40899993879504], [13.473896014318054, 52.409168567491506], [13.473559582851838, 52.40987680801664], [13.473223151385621, 52.41041641984532], [13.473155865092377, 52.41055132280248], [13.473155865092377, 52.41065250002036], [13.47302129250589, 52.41085485445612], [13.472886719919405, 52.41098975741328], [13.472684861039674, 52.4113607405455], [13.472348429573458, 52.411900352374175], [13.472146570693727, 52.4122376097671], [13.471877425520754, 52.41257486716002], [13.471540994054537, 52.413215656206575], [13.471137276295078, 52.413856445253124], [13.471002703708592, 52.414058799688874], [13.470800844828862, 52.414497234299674], [13.470531699655888, 52.41503684612835], [13.470464413362645, 52.41513802334623], [13.470195268189672, 52.41564390943561], [13.469656977843727, 52.4165545043965], [13.469455118963996, 52.41695921326801], [13.469253260084265, 52.417363922139515], [13.469185973791022, 52.41746509935739], [13.468849542324806, 52.41810588840394], [13.468782256031563, 52.418240791361114], [13.468445824565347, 52.41905020910413], [13.468378538272104, 52.419218837800585], [13.468243965685616, 52.41948864371492], [13.468042106805887, 52.41996080406501], [13.468042106805887, 52.4200282555436], [13.467167384993724, 52.42023060997935], [13.46629266318156, 52.420432964415106], [13.465350655076154, 52.42066904459015], [13.464475933263993, 52.420871399025906], [13.463533925158586, 52.421073753461656], [13.463332066278856, 52.42104002772236], [13.462053626707233, 52.4209051247652], [13.461448050068043, 52.42083767328661], [13.460909759722098, 52.420736496068734], [13.460304183082908, 52.42066904459015], [13.459429461270744, 52.42056786737228], [13.458958457218042, 52.4204666901544], [13.458151021699122, 52.420298061457935], [13.458016449112636, 52.42026433571864], [13.45768001764642, 52.42019688424006], [13.457209013593715, 52.420095707022185], [13.456536150661282, 52.41992707832572], [13.456334291781554, 52.419859626847135], [13.454719420743714, 52.41945491797563], [13.453171835999118, 52.41894903188625], [13.451960682720738, 52.41847687153616], [13.451355106081548, 52.41830824283969], [13.450749529442358, 52.41810588840394], [13.450076666509926, 52.4178698082289], [13.44953837616398, 52.417701179532436], [13.448596368058574, 52.41739764787881], [13.44812536400587, 52.417262744921636], [13.447923505126141, 52.41716156770376], [13.447856218832898, 52.417127841964465], [13.447519787366682, 52.416925487528715], [13.447250642193708, 52.416790584571544], [13.447048783313978, 52.41668940735367], [13.445972202622086, 52.41638587570004], [13.4438190412383, 52.41574508665349], [13.44321346459911, 52.41557645795702], [13.443078892012624, 52.41554273221774], [13.442877033132893, 52.41547528073915], [13.442002311320731, 52.41520547482481], [13.44159859356127, 52.415070571867645], [13.440791158042352, 52.41486821743189], [13.440589299162621, 52.414834491692595], [13.440252867696405, 52.414733314474724], [13.439983722523431, 52.41466586299614], [13.438907141831539, 52.41442978282109], [13.438705282951808, 52.41442978282109], [13.438436137778837, 52.41436233134251], [13.43608111751532, 52.413755268035246], [13.435340968289644, 52.413552913599496], [13.434197101304509, 52.413215656206575], [13.431909367334237, 52.41250741568143], [13.43036178258964, 52.4122376097671], [13.43036178258964, 52.41227133550639], [13.427939476032881, 52.411900352374175], [13.427804903446395, 52.41186662663488], [13.425584455769366, 52.41142819202408], [13.424709733957203, 52.411259563327626], [13.423094862919363, 52.41085485445612], [13.421749137054498, 52.4105175970632], [13.421479991881524, 52.410483871323905], [13.420807128949091, 52.41034896836673], [13.419595975670713, 52.41018033967027], [13.41872125385855, 52.40997798523452], [13.418452108685576, 52.40923601897009], [13.41831753609909, 52.40792071513769], [13.41831753609909, 52.407516006266185], [13.418384822392333, 52.407077571655385], [13.418855826445036, 52.40603207373733], [13.419259544204497, 52.40515520451573], [13.41932683049774, 52.40505402729786], [13.419595975670713, 52.404345786772716], [13.420403411189632, 52.40252459685094], [13.42053798377612, 52.40232224241519], [13.420807128949091, 52.401715179107924], [13.421008987828822, 52.401209293018546], [13.421816423347742, 52.399421828836054], [13.42242199998693, 52.39817397648224], [13.422556572573418, 52.39773554187145], [13.423094862919363, 52.3966225924748], [13.42343129438558, 52.39584690047108], [13.423767725851798, 52.39513865994594], [13.423835012145041, 52.394970031249485], [13.424171443611257, 52.39426179072434], [13.424507875077474, 52.3935872759385], [13.424777020250447, 52.39291276115266], [13.42524802430315, 52.39193471471318], [13.425651742062609, 52.391024119752295], [13.42585360094234, 52.390585685141495], [13.425988173528825, 52.39028215348787], [13.42605545982207, 52.39007979905211], [13.426257318701799, 52.38954018722344], [13.426391891288286, 52.389270381309096], [13.426593750168015, 52.38869704374113], [13.426661036461258, 52.38856214078396], [13.426661036461258, 52.38846096356608], [13.426997467927475, 52.387853900258825], [13.427132040513962, 52.38748291712661], [13.427266613100448, 52.38684212808006], [13.427401185686936, 52.386437419208555], [13.427401185686936, 52.386302516251384], [13.427468471980179, 52.38616761329421], [13.427468471980179, 52.385796630162], [13.426997467927475, 52.38505466389757], [13.426862895340989, 52.38495348667969], [13.426661036461258, 52.384683680765356], [13.426391891288286, 52.38427897189385], [13.426122746115313, 52.38384053728305], [13.425651742062609, 52.38323347397579], [13.425113451716664, 52.38242405623278], [13.424777020250447, 52.3818844444041], [13.42444058878423, 52.38144600979331], [13.423902298438284, 52.380737769268165], [13.422893004039635, 52.3792875624786], [13.422287427400445, 52.37837696751771], [13.421749137054498, 52.37763500125328], [13.421210846708552, 52.37682558351027], [13.420807128949091, 52.376151068724425], [13.418048390926117, 52.37621852020301], [13.417644673166658, 52.376252245942304], [13.415222366609898, 52.37631969742089], [13.412665487466652, 52.37642087463877], [13.412867346346383, 52.37689303498885], [13.41179076565449, 52.37679185777098], [13.411521620481517, 52.37675813203169], [13.411050616428813, 52.376690680553104], [13.410714184962597, 52.37665695481381], [13.410579612376111, 52.37665695481381], [13.41037775349638, 52.37662322907452], [13.409906749443678, 52.376589503335225], [13.409099313924758, 52.37662322907452], [13.408224592112596, 52.3767244062924], [13.407753588059892, 52.37679185777098], [13.407484442886918, 52.37682558351027], [13.407215297713947, 52.37685930924956], [13.406138717022053, 52.37689303498885], [13.404725704863944, 52.376926760728146], [13.404120128224754, 52.37699421220673], [13.403783696758538, 52.377027937946025], [13.40237068460043, 52.377162840903196], [13.402168825720699, 52.37719656664249], [13.401966966840968, 52.377230292381775], [13.400688527269347, 52.37733146959965], [13.400486668389616, 52.37733146959965], [13.399275515111237, 52.37739892107824], [13.398468079592318, 52.377466372556825], [13.398266220712587, 52.37750009829612], [13.397122353727452, 52.3775675497747], [13.395776627862585, 52.37763500125328], [13.395171051223397, 52.377668726992574], [13.395103764930152, 52.37760127551399], [13.390461010696365, 52.377803629949746], [13.388913425951769, 52.37783735568904], [13.38850970819231, 52.37787108142833], [13.388442421899066, 52.37787108142833], [13.388240563019336, 52.37878167638922], [13.38810599043285, 52.379118933782145], [13.38810599043285, 52.37935501395719], [13.38810599043285, 52.37999580300374], [13.38810599043285, 52.380299334657366], [13.388240563019336, 52.380737769268165], [13.388240563019336, 52.3810413009218], [13.38810599043285, 52.38171581570764], [13.388240563019336, 52.38212052457915], [13.388173276726093, 52.382255427536315], [13.388173276726093, 52.38228915327561], [13.388173276726093, 52.38252523345066], [13.388038704139607, 52.38343582841154], [13.387971417846362, 52.38417779467597], [13.387971417846362, 52.384346423372435], [13.387769558966633, 52.38539192129049], [13.38770227267339, 52.38593153311917], [13.387634986380146, 52.38660604790501], [13.387567700086903, 52.386774676601476], [13.387365841207174, 52.38832606060892], [13.38729855491393, 52.38856214078396], [13.386625691981497, 52.38852841504467], [13.385818256462578, 52.388494689305375], [13.385078107236902, 52.3884272378268], [13.384539816890955, 52.3884272378268], [13.383597808785549, 52.38835978634821], [13.382386655507169, 52.38832606060892], [13.380906357055817, 52.38825860913033], [13.378685909378788, 52.388157431912454], [13.377878473859868, 52.388157431912454], [13.376801893167976, 52.388157431912454], [13.375119735836893, 52.38819115765175], [13.37323571962608, 52.388292334869625], [13.371015271949052, 52.388393512087504], [13.370342409016619, 52.3884272378268], [13.370813413069323, 52.390012347573524], [13.371957280054458, 52.39378963037426], [13.366910808061212, 52.39567827177462], [13.365699654782832, 52.39615043212471], [13.364219356331478, 52.396690043953384], [13.362469912707153, 52.39722965578206], [13.361393332015261, 52.39766809039286], [13.36119147313553, 52.397769267610734], [13.360787755376071, 52.3979378963072], [13.36058589649634, 52.398005347785784], [13.360249465030124, 52.39810652500366], [13.35998031985715, 52.398241427960826], [13.359576602097691, 52.398376330918], [13.359374743217963, 52.398477508135876], [13.359307456924718, 52.39851123387517], [13.3585000214058, 52.39894966848596], [13.358163589939583, 52.39915202292172], [13.357961731059852, 52.3992532001396], [13.357759872180123, 52.39935437735747], [13.357625299593636, 52.399421828836054], [13.35749072700715, 52.39952300605393], [13.35728886812742, 52.39962418327181], [13.356414146315256, 52.40006261788261], [13.355472138209851, 52.40046732675411], [13.35527027933012, 52.40056850397199], [13.354866561570661, 52.400770858407746], [13.354395557517957, 52.400973212843496], [13.353588121999039, 52.40144537319359], [13.352915259066606, 52.40188380780439], [13.352713400186875, 52.40198498502227], [13.352511541307145, 52.40208616224014], [13.352376968720659, 52.402153613718724], [13.3519732509612, 52.40235596815448], [13.351502246908495, 52.402592048329524], [13.351434960615252, 52.40262577406882], [13.350896670269305, 52.40289557998315], [13.350425666216603, 52.4031316601582], [13.35035837992336, 52.40319911163678], [13.349954662163901, 52.40340146607254], [13.349483658111197, 52.403704997726166], [13.349079940351738, 52.403941077901216], [13.348137932246331, 52.40454814120847], [13.3479360733666, 52.40471676990494], [13.347465069313898, 52.40495285007998], [13.346186629742276, 52.40576226782299], [13.345917484569302, 52.40589717078016], [13.34443718611795, 52.40684149148034], [13.34302417395984, 52.40768463496265], [13.343158746546328, 52.40933719618797], [13.343293319132814, 52.41061877428107], [13.343360605426057, 52.41173172367771], [13.343091460253083, 52.41163054645984], [13.342351311027407, 52.41139446628479], [13.342216738440921, 52.411327014806204], [13.34201487956119, 52.411259563327626], [13.340400008523352, 52.41061877428107], [13.338919710072, 52.41001171097381], [13.338515992312539, 52.40987680801664], [13.336631976101728, 52.409168567491506], [13.335689967996322, 52.408831310098584], [13.334815246184158, 52.40849405270566], [13.333805951785509, 52.40812306957345], [13.333469520319293, 52.40798816661628], [13.332998516266588, 52.40781953791982], [13.332123794454427, 52.40748228052689], [13.330845354882804, 52.4070438459161], [13.329028624965234, 52.40633560539096], [13.327077322461179, 52.405661090605115], [13.326942749874693, 52.40559363912653], [13.32626988694226, 52.405323833212194], [13.325731596596313, 52.40512147877644], [13.323578435212527, 52.40431206103343], [13.321828991588202, 52.40363754624758], [13.320819697189552, 52.40323283737607], [13.320617838309822, 52.403165385897495], [13.319810402790903, 52.40289557998315], [13.319002967271983, 52.402592048329524], [13.318464676926038, 52.402389693893774], [13.31833010433955, 52.40232224241519], [13.316311515542251, 52.40147909893288], [13.314831217090898, 52.40090576136491], [13.31422564045171, 52.400635955450575], [13.314158354158465, 52.40060222971128], [13.313956495278736, 52.4005347782327], [13.313821922692249, 52.40046732675411], [13.312072479067924, 52.399118297182426], [13.31200519277468, 52.39918574866101], [13.311265043549005, 52.39996144066473], [13.310928612082787, 52.40033242379695], [13.310659466909815, 52.40056850397199], [13.309784745097652, 52.401411647454296], [13.309515599924678, 52.40164772762934], [13.308842736992245, 52.402389693893774], [13.308506305526029, 52.402726951286695], [13.308304446646298, 52.40296303146174], [13.30769887000711, 52.40353636902971], [13.307227865954406, 52.4039748036405], [13.306824148194947, 52.404345786772716], [13.306353144142243, 52.404784221383515], [13.305814853796297, 52.405323833212194], [13.305209277157108, 52.40589717078016], [13.30467098681116, 52.40640305686954], [13.304603700517918, 52.40650423408742], [13.304334555344944, 52.406740314262464], [13.304267269051701, 52.40680776574105], [13.303998123878728, 52.407077571655385], [13.303796264998999, 52.40727992609114], [13.303527119826025, 52.40748228052689], [13.303190688359809, 52.40778581218053], [13.302383252840889, 52.40856150418425], [13.30218139396116, 52.40869640714141], [13.30197953508143, 52.40889876157717], [13.301306672148996, 52.409472099145134], [13.301104813269266, 52.40967445358089], [13.2997590874044, 52.4109223059347], [13.29874979300575, 52.41186662663488], [13.298682506712508, 52.41193407811347], [13.29854793412602, 52.41203525533135], [13.297538639727371, 52.41291212455294], [13.2972694945544, 52.41318193046728], [13.296260200155748, 52.414193702646045], [13.296260200155748, 52.41422742838534], [13.295923768689532, 52.414497234299674], [13.296327486448993, 52.41459841151755], [13.296731204208452, 52.414733314474724], [13.296933063088181, 52.41503684612835], [13.297134921967912, 52.41547528073915], [13.297067635674669, 52.41577881239278], [13.296933063088181, 52.41601489256782], [13.296865776794938, 52.41608234404641], [13.296798490501695, 52.41618352126429], [13.296731204208452, 52.41625097274287], [13.295587337223315, 52.41577881239278], [13.295520050930072, 52.41574508665349], [13.2932323169598, 52.41456468577826], [13.290339006350338, 52.412979576031525], [13.29013714747061, 52.41281094733507], [13.284754244011145, 52.409809356538055], [13.280380634950331, 52.40738110330902], [13.280178776070601, 52.40724620035185], [13.277083606581408, 52.40582971930158], [13.275805167009786, 52.40518893025502], [13.275536021836814, 52.40512147877644], [13.274795872611136, 52.40495285007998], [13.274190295971948, 52.404784221383515], [13.272642711227352, 52.40448068972989], [13.271969848294919, 52.40431206103343], [13.270893267603025, 52.40421088381555], [13.270085832084106, 52.40417715807626], [13.269278396565186, 52.404244609554844], [13.269009251392214, 52.404244609554844], [13.268874678805727, 52.404244609554844], [13.268470961046267, 52.404244609554844], [13.267259807767887, 52.40427833529414], [13.266990662594914, 52.40427833529414], [13.265914081903022, 52.404446963990594], [13.264635642331399, 52.40471676990494], [13.264097351985452, 52.4048516728621], [13.26362634793275, 52.40498657581927], [13.261338613962478, 52.40586344504087], [13.260867609909775, 52.405998347998036], [13.260262033270585, 52.40613325095521], [13.259723742924638, 52.406234428173086], [13.259320025165179, 52.406301879651664], [13.258983593698963, 52.40633560539096], [13.258041585593556, 52.40640305686954], [13.257570581540852, 52.40640305686954], [13.257166863781393, 52.40640305686954], [13.255821137916527, 52.40633560539096], [13.254475412051661, 52.40620070243379], [13.253802549119229, 52.40613325095521], [13.253331545066525, 52.40603207373733], [13.252456823254363, 52.40582971930158], [13.252053105494902, 52.40576226782299], [13.251649387735442, 52.405661090605115], [13.25117838368274, 52.40549246190866], [13.250640093336793, 52.405323833212194], [13.24976537152463, 52.40498657581927], [13.24976537152463, 52.40515520451573], [13.249698085231387, 52.405323833212194], [13.249563512644901, 52.40586344504087], [13.249428940058413, 52.40657168556601], [13.249428940058413, 52.40663913704459], [13.249294367471927, 52.4074485547876], [13.249159794885442, 52.4078869893984], [13.24875607712598, 52.408392875487785], [13.248957936005711, 52.408831310098584], [13.249025222298954, 52.40933719618797], [13.249025222298954, 52.411259563327626], [13.249025222298954, 52.411765449417004], [13.248688790832738, 52.41328310768515], [13.248486931953007, 52.413957622471], [13.248419645659764, 52.41412625116746], [13.248419645659764, 52.41415997690675], [13.248419645659764, 52.414294879863924], [13.248352359366521, 52.41456468577826], [13.24815050048679, 52.41500312038906], [13.248015927900305, 52.41547528073915], [13.247948641607062, 52.4156776351749], [13.248015927900305, 52.41581253813207], [13.247544923847602, 52.417127841964465], [13.247544923847602, 52.417262744921636], [13.247410351261115, 52.41733019640022], [13.247410351261115, 52.417498825096686], [13.247141206088141, 52.41891530614696], [13.245930052809763, 52.421174930679534], [13.244988044704357, 52.42110747920095], [13.244180609185436, 52.421073753461656], [13.243978750305708, 52.421073753461656], [13.243575032546246, 52.42104002772236], [13.243104028493544, 52.42100630198307], [13.242565738147597, 52.42100630198307], [13.242296592974624, 52.420972576243784], [13.241758302628678, 52.420972576243784], [13.241220012282731, 52.42093885050449], [13.240210717884082, 52.4209051247652], [13.239672427538135, 52.420871399025906], [13.23832670167327, 52.42080394754732], [13.237653838740837, 52.42080394754732], [13.235635249943538, 52.420871399025906], [13.234625955544889, 52.42066904459015], [13.234356810371915, 52.420635318850856], [13.234087665198942, 52.42056786737228], [13.233818520025968, 52.420534141632984], [13.233683947439483, 52.4204666901544], [13.233145657093536, 52.42033178719723], [13.232270935281374, 52.42036551293652], [13.231934503815157, 52.42036551293652], [13.231530786055696, 52.42039923867581], [13.23139621346921, 52.42039923867581], [13.230925209416506, 52.420432964415106], [13.230319632777318, 52.4204666901544], [13.229377624671912, 52.42050041589369], [13.229243052085424, 52.420534141632984], [13.229175765792181, 52.420534141632984], [13.228906620619208, 52.420534141632984], [13.228435616566506, 52.42060159311157], [13.227291749581369, 52.420736496068734], [13.226618886648936, 52.42080394754732], [13.22648431406245, 52.42083767328661], [13.22608059630299, 52.42083767328661], [13.22527316078407, 52.42083767328661], [13.22527316078407, 52.4209051247652], [13.22507130190434, 52.421073753461656], [13.223658289746231, 52.42066904459015], [13.223591003452988, 52.42077022180803], [13.222245277588122, 52.42036551293652], [13.221437842069202, 52.42012943276148], [13.220899551723257, 52.419994529804306], [13.219486539565146, 52.41969099815068], [13.218208099993523, 52.41935374075776], [13.218073527407038, 52.419320015018464], [13.217064233008388, 52.419151386322], [13.216391370075955, 52.41881412892908], [13.214709212744873, 52.418240791361114], [13.21423820869217, 52.41803843692536], [13.213565345759736, 52.41783608248961], [13.21302705541379, 52.41776863101102], [13.211950474721897, 52.41739764787881], [13.211075752909734, 52.417127841964465], [13.209931885924599, 52.41685803605013], [13.209662740751625, 52.416790584571544], [13.209460881871895, 52.41675685883225], [13.206567571262434, 52.41618352126429], [13.204481696171891, 52.415846263871366], [13.202126675908376, 52.415610183696316], [13.201319240389456, 52.41554273221774], [13.200309945990806, 52.415509006478445], [13.199435224178645, 52.415407829260566], [13.197349349088102, 52.41554273221774], [13.197214776501616, 52.41554273221774], [13.196676486155669, 52.41534037778198], [13.194321465892154, 52.41456468577826], [13.19223559080161, 52.413856445253124], [13.187794695447554, 52.41240623846356], [13.185170530011066, 52.41152936924196], [13.184968671131335, 52.411461917763376], [13.182546364574577, 52.41061877428107], [13.179922199138089, 52.40977563079876], [13.177365319994843, 52.40889876157717], [13.17467386826511, 52.40798816661628]]]}}]}